rollout_id,sequence_id,frame_id,object_id,step,status,mode,score,runtime_s,bbox_area_fraction,bbox_center_x_fraction,bbox_center_y_fraction,visibility_fraction,translation_jump_m,rotation_jump_deg,pose_error_m,rotation_error_deg,translation_error_m,prediction_object_to_camera,target_object_to_camera,error,bbox_area_ratio,visible_area_ratio,translation_delta,rotation_delta_deg,nearest_reference_angle,sharpness_score,num_instances,max_bbox_overlap
000050:natural,000050,620,5,0,ok,global,0.999980092048645,10.09858257399901,0.06110677083333333,0.66875,0.5010416666666667,0.9975559557499357,,,0.030010194804428007,3.598228522424209,0.030201584247496235,"[[-0.49506083882386304, -0.8676775901732344, -0.04528096039376224, 0.09336841851472855], [-0.3116370803239195, 0.22597211580982474, -0.9229403735039517, -0.007839995436370373], [0.8110469135815728, -0.4428004091999008, -0.3822704560676956, 0.8747584819793701], [0.0, 0.0, 0.0, 1.0]]","[[-0.498100657582782, -0.8665146859132874, -0.0323641602893948, 0.09152630484619438], [-0.3658601958685321, 0.24385419522096488, -0.8981543448313091, -0.005030954678532485], [0.7861563691543989, -0.43553062452667646, -0.438487353909642, 0.8447442920300875], [0.0, 0.0, 0.0, 1.0]]",,0.06110677083333333,0.05048828125,nan,nan,nan,1712.5133764389018,5,0.44131214761660686
000050:natural,000050,623,5,1,ok,local,0.999990701675415,0.14164295199589105,0.06110677083333333,0.6703125,0.4947916666666667,0.9973751600512164,0.004663522769370777,1.3370453490794862,0.028521222467560385,2.8388759307175557,0.02855900386282302,"[[-0.485515027884663, -0.8728784938019255, -0.04856225649860889, 0.09400519728660583], [-0.32876868284024335, 0.23377541849036967, -0.9150192385371705, -0.011254529468715191], [0.8100532765699092, -0.42828984200858017, -0.40047659151393533, 0.8716465830802917], [0.0, 0.0, 0.0, 1.0]]","[[-0.4987908265464417, -0.8662270568096195, -0.02929826945869031, 0.09190179285488573], [-0.36872469469617153, 0.24266831633283967, -0.8973041220820287, -0.007660465450104367], [0.784378303037749, -0.43676405242015176, -0.4404400956946086, 0.843392820582821], [0.0, 0.0, 0.0, 1.0]]",,0.06110677083333333,0.050712890625,0.0029802337517819454,0.22025797557554513,nan,1461.8659708716448,5,0.4447632711621234
000050:natural,000050,629,5,2,ok,local,0.9999861717224121,0.14035089300159598,0.062161458333333336,0.67578125,0.48125,0.9912895284983905,0.006614524950394719,1.6618295036282125,0.028636468463811623,3.456436899232333,0.02886215468367203,"[[-0.5082528339370848, -0.8601671480729476, -0.042326518531241364, 0.09772749990224838], [-0.3175268872871007, 0.23285140247788177, -0.9192153720504507, -0.01568490080535412], [0.8005346542434553, -0.4537540101642478, -0.3914735822698335, 0.868442177772522], [0.0, 0.0, 0.0, 1.0]]","[[-0.5026429990708048, -0.8640140650254801, -0.028792582554153342, 0.09463464037562826], [-0.371354845291308, 0.24587339272051112, -0.8953445454437338, -0.012353975161669407], [0.7806694169262356, -0.4393459834263583, -0.44444228757096027, 0.8399401931523407], [0.0, 0.0, 0.0, 1.0]]",,0.062161458333333336,0.051123046875,0.00643569150580484,0.36112681598817525,nan,1480.1351675031765,5,0.4457525626712676
000050:natural,000050,633,5,3,ok,local,0.9999593496322632,0.143929976002255,0.06322265625,0.6859375,0.4739583333333333,0.9958088327286375,0.0066835956666239475,0.7827933419839423,0.026596135568612435,3.649143239627165,0.02674451100917289,"[[-0.49652802318657596, -0.867052128462398, -0.040994252270953324, 0.10232983529567719], [-0.3208857595261156, 0.22723104564505617, -0.9194554808300387, -0.01806964911520481], [0.8065309984890708, -0.4433809405284329, -0.3910512626911507, 0.8642229437828064], [0.0, 0.0, 0.0, 1.0]]","[[-0.5008010865280849, -0.8651673845786279, -0.026145915858493317, 0.09917537148680054], [-0.3756348251236774, 0.2444512986035535, -0.8939471017821067, -0.015301314627787672], [0.7798049190649785, -0.43786802838088507, -0.44740848094108177, 0.8378097926765102], [0.0, 0.0, 0.0, 1.0]]",,0.06322265625,0.05181966145833333,0.00581752998616465,0.28670160451230586,nan,1706.7048941458797,5,0.4329948728259777
000050:natural,000050,640,5,4,ok,local,0.9999980926513672,0.14446033599961083,0.06322265625,0.703125,0.47604166666666664,0.9973940559657505,0.010136943297054625,1.884867639311302,0.024898816922871412,2.0083058728471603,0.024954612982845594,"[[-0.49880049663943804, -0.8652780286030222, -0.04991991355278462, 0.11202427744865417], [-0.34152150037844703, 0.24915790379375388, -0.9062468779291641, -0.01813657023012638], [0.7965934529805676, -0.43498766901369773, -0.4197911367269747, 0.8612613677978516], [0.0, 0.0, 0.0, 1.0]]","[[-0.5005510650674392, -0.8650958395191037, -0.03252144815586123, 0.1081379098048262], [-0.37298379334465304, 0.24940767068309638, -0.8936888438843916, -0.014230710395343191], [0.7812370182515922, -0.4352066814942688, -0.4475084208901303, 0.8369226514263656], [0.0, 0.0, 0.0, 1.0]]",,0.06322265625,0.052327473958333336,0.009069746750726526,0.3694043266352151,nan,1693.86513559157,5,0.4570653811388973
000050:natural,000050,642,5,5,ok,local,0.9999872446060181,0.14714580799773103,0.06322265625,0.70625,0.4739583333333333,0.9975147561354458,0.0018098466440758577,0.9547348088085411,0.02644035861390982,2.711901299911726,0.02662956264998669,"[[-0.5075087665915183, -0.8604152269277918, -0.04604876875174721, 0.11244585365056992], [-0.33104528494533303, 0.2440476101317131, -0.9115096177794628, -0.018724462017416954], [0.7955148465919533, -0.44735489408275747, -0.408692705577168, 0.862920343875885], [0.0, 0.0, 0.0, 1.0]]","[[-0.4991140563693886, -0.865969237860985, -0.03132884705180525, 0.1094648688989375], [-0.3744779985413881, 0.2481575014418678, -0.8934114439114554, -0.01504847790241097], [0.7814405931582779, -0.43418208700828037, -0.4481459606503615, 0.8367147246764399], [0.0, 0.0, 0.0, 1.0]]",,0.06322265625,0.052262369791666666,0.0015725131689099416,0.1389181927195145,nan,1845.9703189510572,5,0.44981412639405205
000050:natural,000050,644,5,6,ok,local,0.9999872446060181,0.14256883499911055,0.064033203125,0.70703125,0.471875,0.9988875154511743,0.0015344834076411323,0.22767929817816732,0.025643657093229764,2.938979748842367,0.02584775439874007,"[[-0.5091339360953547, -0.8594603354424415, -0.04594090679576845, 0.11233532428741455], [-0.3279228595013706, 0.24305510356659824, -0.9129024125538687, -0.019551008939743042], [0.795769585578951, -0.4497245250499423, -0.40558429239321875, 0.861632227897644], [0.0, 0.0, 0.0, 1.0]]","[[-0.5000500741156868, -0.8654690634620339, -0.030222095732684896, 0.10975114863330386], [-0.37497028074860395, 0.2478441810172381, -0.893292283006177, -0.015775770478784562], [0.7806061353673395, -0.4353586661043419, -0.44845991687738745, 0.8361925734540556], [0.0, 0.0, 0.0, 1.0]]",,0.064033203125,0.052610677083333335,0.0009399747214656539,0.11099901099336948,nan,1778.8650849539265,5,0.46032934131736525
000050:natural,000050,651,5,7,ok,local,0.9999948740005493,0.14572310400399147,0.06591796875,0.71796875,0.4625,0.9969493593654668,0.007569406419508822,0.6363833286074955,0.02491551608700952,2.8730112537518386,0.025141297637216405,"[[-0.5163021924943266, -0.8554377924713791, -0.040721360945413086, 0.11823779344558716], [-0.3328807806411934, 0.24426716151508174, -0.9107820483985589, -0.022685037925839424], [0.7890642761557901, -0.45668341005236907, -0.41087447119245424, 0.8580777049064636], [0.0, 0.0, 0.0, 1.0]]","[[-0.5009382514516819, -0.8650670065754399, -0.02682610070780352, 0.11504379958254797], [-0.3782328793731128, 0.2466936922926899, -0.8922347901709674, -0.019484092543307886], [0.778460332723261, -0.4368080260234412, -0.4507750505503472, 0.8333464049255888], [0.0, 0.0, 0.0, 1.0]]",,0.06591796875,0.05319010416666667,0.007061478733041709,0.2468800907524884,nan,1727.3053136995939,5,0.45095168374816985
000050:natural,000050,653,5,8,ok,local,0.9999953508377075,0.1411859999934677,0.066181640625,0.72265625,0.46145833333333336,0.9923329682365827,0.003328307033191721,0.5967207574909869,0.02289208430608979,3.2164873337593156,0.02310933632168214,"[[-0.5117186899125421, -0.8581950609634421, -0.04056130831402089, 0.12024227529764175], [-0.3270007167563566, 0.238204716992308, -0.9145102755264386, -0.02240060269832611], [0.7944900966248859, -0.4547084232126869, -0.4025242057621024, 0.8554359674453735], [0.0, 0.0, 0.0, 1.0]]","[[-0.5010254904937697, -0.8649959861210629, -0.02745992637432981, 0.11706406270127998], [-0.37751232217985686, 0.24699542128760563, -0.8924559642613427, -0.019463088747616146], [0.7787531384362953, -0.4367769711989665, -0.4502980628181747, 0.832735496046957], [0.0, 0.0, 0.0, 1.0]]",,0.066181640625,0.0530859375,0.002110714070245752,0.07568086105866334,nan,1886.599561707272,5,0.4443249058633674
000050:natural,000050,660,5,9,ok,local,0.9999967813491821,0.14648661100363825,0.06699869791666667,0.7359375,0.46770833333333334,0.9970426700464723,0.006336471795186023,1.4204717534456097,0.021802996085459377,1.8972044024189365,0.02188350048042041,"[[-0.5017680943432612, -0.8640653889811815, -0.04024652859478465, 0.12595371901988983], [-0.34696538209574285, 0.24366938154846973, -0.9056711633495568, -0.020230157300829887], [0.792365952780839, -0.44047274156363564, -0.4220662990729394, 0.853756844997406], [0.0, 0.0, 0.0, 1.0]]","[[-0.5023790871670148, -0.8642288055165016, -0.026900090474134657, 0.12381189808070231], [-0.3766930355884219, 0.24676494575817265, -0.8928656167041931, -0.017337059765930595], [0.7782778913871853, -0.43842457701118787, -0.4495192082465777, 0.8321714290182182], [0.0, 0.0, 0.0, 1.0]]",,0.06699869791666667,0.05377604166666667,0.007097284914082347,0.12928802613595472,nan,1770.4101756020063,5,0.4913030803614809
000050:natural,000050,662,5,10,ok,local,0.9999964237213135,0.15322083899809513,0.066181640625,0.73515625,0.471875,0.9963851066393541,0.0015536898640092678,0.12891978666996065,0.022088615131941044,1.7183534933576474,0.022145112313257782,"[[-0.502565648213165, -0.8635929843046473, -0.04043422678714789, 0.12608394026756287], [-0.34829948389541726, 0.2450548290836385, -0.9047848364450937, -0.018686791881918907], [0.7912744395936642, -0.4406305574997966, -0.4239451297551969, 0.8538793921470642], [0.0, 0.0, 0.0, 1.0]]","[[-0.5039017561925663, -0.8633534777409894, -0.026524156407718807, 0.12359975334249246], [-0.37513738408965264, 0.24640586098700842, -0.893619304836101, -0.01588646872444657], [0.7780448850387934, -0.44034642889738634, -0.4480414392191548, 0.8320529631010238], [0.0, 0.0, 0.0, 1.0]]",,0.066181640625,0.053834635416666665,0.0014708004395976128,0.15012921009216873,nan,1912.8988696811264,5,0.49736855048940043
000050:natural,000050,671,5,11,ok,local,0.9999942779541016,0.15322924900101498,0.06781575520833333,0.74765625,0.46979166666666666,0.9911904761904762,0.00823906213034954,1.086863761794391,0.018862563404231387,1.2873519031896055,0.018768885632181327,"[[-0.5021944116427253, -0.8635216726436857, -0.046163771395624255, 0.13245011866092682], [-0.3600242666975408, 0.2573181246421684, -0.8967552119277235, -0.02056068554520607], [0.786246335637703, -0.4337253780968873, -0.44011248118065976, 0.8489965200424194], [0.0, 0.0, 0.0, 1.0]]","[[-0.5088684055183356, -0.8604432624386039, -0.026247336251537537, 0.1294746613621445], [-0.3731130028102238, 0.24793224465397903, -0.8940452142000681, -0.016861865498882307], [0.7757824757943469, -0.44515791602308385, -0.44720822249084535, 0.8308378732866191], [0.0, 0.0, 0.0, 1.0]]",,0.06781575520833333,0.05420572916666667,0.006078024873593537,0.34227748299779687,nan,1782.7428814105715,5,0.44928718859501754
000050:natural,000050,681,5,12,ok,local,0.9999980926513672,0.15241595700354083,0.0680859375,0.76171875,0.4666666666666667,0.9955461790904829,0.007347586067259891,1.9166724349880366,0.02173363756802898,2.7227715992543624,0.021740787247446047,"[[-0.5003963555550917, -0.8644317477115856, -0.048592601242114154, 0.13979393243789673], [-0.33294745316666713, 0.24393607609938164, -0.9108464108767539, -0.020325854420661926], [0.799218043325482, -0.4396054416468584, -0.4098750723055235, 0.8489799499511719], [0.0, 0.0, 0.0, 1.0]]","[[-0.5146084483858665, -0.8567499647193916, -0.03402059349624003, 0.13625277327281055], [-0.36934072307118593, 0.25730345128824283, -0.8929627884163888, -0.017815496109994583], [0.7737991258712514, -0.44696093272331455, -0.44884324584657304, 0.8276768956382734], [0.0, 0.0, 0.0, 1.0]]",,0.0680859375,0.055299479166666665,0.007539495481085201,0.6041667409986535,nan,1856.519799357415,5,0.47212660164467396
000050:natural,000050,682,5,13,ok,local,0.9999988079071045,0.1566230979951797,0.06835611979166667,0.76328125,0.46770833333333334,0.9985362997658079,0.0014705479835338245,1.204913365325133,0.020492385423302027,1.7626907734767931,0.020421799193846676,"[[-0.5039183305912455, -0.8620434210970308, -0.05429048017341656, 0.14016088843345642], [-0.34519627838971, 0.25860820049336053, -0.9021980536575552, -0.01959165558218956], [0.7917738600636086, -0.4358932653539319, -0.42789159344284927, 0.8477597832679749], [0.0, 0.0, 0.0, 1.0]]","[[-0.5151150764860501, -0.8563963170263688, -0.03523732437248986, 0.13707580197497166], [-0.36729396718888996, 0.2576959740039862, -0.8936935648780714, -0.01733714769219672], [0.7744354186906968, -0.447412601572324, -0.4472921588307317, 0.82769864376815], [0.0, 0.0, 0.0, 1.0]]",,0.06835611979166667,0.055517578125,0.0009521903352501809,0.13883936663916377,nan,1643.2493254541039,5,0.47402257250345253
000050:natural,000050,701,5,14,ok,local,0.9999985694885254,0.1528639780008234,0.067265625,0.7671875,0.49375,0.9979620356352626,0.011631443961999072,1.6962446136736973,0.013772873629202872,1.729296542055837,0.013498534345132263,"[[-0.5137830623142858, -0.8552408985216189, -0.0677493201064596, 0.14082852005958557], [-0.3548324715215299, 0.28373346621286855, -0.8908362572912891, -0.010246518068015575], [0.78110235054881, -0.4336569215944374, -0.44924469092061375, 0.8408668041229248], [0.0, 0.0, 0.0, 1.0]]","[[-0.5272333213751732, -0.8485822311418695, -0.04396872190314245, 0.1384610421391593], [-0.35396401986324383, 0.2663748079908244, -0.8965229938713851, -0.00782797037390008], [0.7724849342251485, -0.4571140807425809, -0.44080975629025143, 0.8277994361854135], [0.0, 0.0, 0.0, 1.0]]",,0.067265625,0.055791015625,0.009610072980714753,1.0622202743220783,nan,1592.61823271,5,0.4515423736869623
000050:natural,000050,712,5,15,ok,local,0.9999988079071045,0.15726668199931737,0.06781575520833333,0.78828125,0.5135416666666667,0.9976954542835743,0.012429979675370564,1.0152544779013701,0.01432049398375735,1.8476059093181123,0.0140660499830539,"[[-0.5136086850715511, -0.8548973945672407, -0.07318854678988168, 0.15121449530124664], [-0.3390854396256082, 0.28059028365853855, -0.897936610986727, -0.0034502935595810413], [0.7881796643234198, -0.43637087148269194, -0.4339968655053355, 0.8415355682373047], [0.0, 0.0, 0.0, 1.0]]","[[-0.5269107985506878, -0.8487542280624756, -0.04451050209798133, 0.14939743880774561], [-0.3481312033160598, 0.2633047000659032, -0.8997080141928341, -0.0006194552839857614], [0.775351101194619, -0.4585703021107394, -0.4342160697846466, 0.8278776612789666], [0.0, 0.0, 0.0, 1.0]]",,0.06781575520833333,0.056370442708333336,0.01309860989034522,0.42489925783348886,nan,1642.9299642031972,5,0.447944172010562
000050:natural,000050,721,5,16,ok,local,0.9999963045120239,0.15565024300303776,0.0697265625,0.81015625,0.5104166666666666,0.9896099471980924,0.01396552599787027,1.989303043960183,0.02305776172861202,2.39779935404557,0.022998879542969097,"[[-0.5079242961079342, -0.8591773344910303, -0.061864507758068565, 0.16358976066112518], [-0.32042659195422296, 0.2551158935614257, -0.912273358166815, -0.004484277684241533], [0.7995872113733822, -0.44354276992105807, -0.40488282583840857, 0.8479245901107788], [0.0, 0.0, 0.0, 1.0]]","[[-0.5232847793438838, -0.8511765069928316, -0.040883551905542805, 0.1599207543342506], [-0.35157140101166706, 0.259344041484348, -0.8995216694659902, -0.0016173414971564384], [0.7762542569908005, -0.45633219890519694, -0.43496023221272595, 0.8254019896902115], [0.0, 0.0, 0.0, 1.0]]",,0.0697265625,0.05673828125,0.010856560062017157,0.3298757054888131,nan,1514.8614335804905,5,0.43517505470459517
000050:natural,000050,722,5,17,ok,local,0.999997615814209,0.1592085890006274,0.07000325520833334,0.81171875,0.5114583333333333,0.9960893221491726,0.0019228387966426243,0.23363521569540105,0.020976157024872325,2.2744325097278706,0.020932749283383234,"[[-0.5106398469035478, -0.8577077208070039, -0.05986996260542754, 0.16373659670352936], [-0.3221267444080812, 0.255410692183604, -0.9115918707707649, -0.004012352786958218], [0.7971708143750441, -0.44620941718698226, -0.40671347251140055, 0.8460663557052612], [0.0, 0.0, 0.0, 1.0]]","[[-0.5241415967977155, -0.8506852457680004, -0.040112673790663134, 0.16075271253471515], [-0.35236768103432425, 0.2595060208287243, -0.8991625969229711, -0.0012783929649336123], [0.7753143196203088, -0.4571543892197544, -0.43577227257281786, 0.8255285395720976], [0.0, 0.0, 0.0, 1.0]]",,0.07000325520833334,0.057210286458333336,0.0009072240227317695,0.09127972552290103,nan,1437.9055674368062,5,0.10544480268834294
000050:natural,000050,735,5,18,ok,local,0.9999960660934448,0.16090385100687854,0.071650390625,0.82890625,0.5114583333333333,0.996309550436144,0.009266891192977033,0.47486132790545815,0.024909362225863717,2.1899961053560166,0.024819203030381633,"[[-0.5092677493309649, -0.8580156627751089, -0.06674939643146767, 0.17291484773159027], [-0.3227099246366676, 0.26229080708522545, -0.9094294019106582, -0.004231499042361975], [0.7978124240900055, -0.4416023719945041, -0.4104664188657306, 0.8473260998725891], [0.0, 0.0, 0.0, 1.0]]","[[-0.5264459961770844, -0.8489722764248834, -0.04582896405931949, 0.1688067879044142], [-0.34828871885629475, 0.26451840861676645, -0.8992912014131648, -0.0012046894362510762], [0.7755959353717785, -0.457466706925148, -0.4349427304141165, 0.823037108392332], [0.0, 0.0, 0.0, 1.0]]",,0.071650390625,0.05800130208333333,0.008430942509259635,0.3752470419020385,nan,1343.5486784572927,5,0.438506945985531
000050:natural,000050,737,5,19,ok,local,0.9999985694885254,0.15756438999960665,0.07193359375,0.83046875,0.5104166666666666,0.9967178460169115,0.004358932740238098,0.3976057466361977,0.02113721122971491,1.9757176314185716,0.021022428482954155,"[[-0.5092583765834521, -0.8582201535290305, -0.06414104735808288, 0.17285507917404175], [-0.3290647722924095, 0.26304496679581724, -0.9069309351210442, -0.0048196702264249325], [0.7952183860523664, -0.44075561654957146, -0.41636787215667376, 0.8430074453353882], [0.0, 0.0, 0.0, 1.0]]","[[-0.5272115853476165, -0.8485724217034265, -0.04441284422979322, 0.16973467557134075], [-0.3492092537495933, 0.26401751996770184, -0.8990816509391949, -0.0018309038754581958], [0.7746615966379168, -0.45849676005158374, -0.4355221403406325, 0.8224338492380477], [0.0, 0.0, 0.0, 1.0]]",,0.07193359375,0.058323567708333336,0.0012716295268409257,0.11144294263193699,nan,1493.3237494801842,5,0.13690634120456355
000050:natural,000050,751,5,20,ok,local,0.9999785423278809,0.16294445999665186,0.07193359375,0.84296875,0.5166666666666667,0.9958024964100298,0.0076308315131359975,2.3063611874944523,0.024496120713402438,3.4863505825276278,0.024558761182847565,"[[-0.5156263153788164, -0.8545022451964703, -0.0628920968250953, 0.17953427135944366], [-0.29651508423616996, 0.2468267617506909, -0.9225808119097672, -0.0020059284288436174], [0.803870827751128, -0.45705848929634785, -0.38064317891282173, 0.8453950881958008], [0.0, 0.0, 0.0, 1.0]]","[[-0.5290072270947673, -0.8473281702689142, -0.04675788204373968, 0.1753757825462042], [-0.34574327086408074, 0.2655192743962253, -0.8999781258438139, 0.0007407634946085917], [0.7749920163020954, -0.4599285091924319, -0.43342020209128695, 0.8213473148039887], [0.0, 0.0, 0.0, 1.0]]",,0.07193359375,0.05869140625,0.006294133621120166,0.23348258459732896,nan,1604.6819115881644,5,0.12110091743119267
000050:natural,000050,757,5,21,ok,local,0.9999920129776001,0.15941645500424784,0.072216796875,0.84609375,0.515625,0.9975904934012376,0.0015753215499290237,0.8895515537034757,0.02672554267332775,2.9628810257345637,0.02682201862911682,"[[-0.5266020170411639, -0.8474758669262176, -0.06689522124810471, 0.18097880482673645], [-0.2979132630329016, 0.25766998242736205, -0.9191593267029233, -0.0025489768013358116], [0.7962022377243524, -0.4641021817806272, -0.3881638333348369, 0.8457114100456238], [0.0, 0.0, 0.0, 1.0]]","[[-0.5328717984091593, -0.8446402711856857, -0.05128133009803955, 0.17631817495570432], [-0.3423106542163565, 0.2705879602135169, -0.8997811605697387, 0.00010646640618758774], [0.7738669869691038, -0.4619144552996411, -0.43331888166555393, 0.8194312305576988], [0.0, 0.0, 0.0, 1.0]]",,0.072216796875,0.059300130208333336,0.002227513207310561,0.3750947673704883,nan,1481.4325156502375,5,0.09498440748440748
000050:natural,000050,769,5,22,ok,local,0.9999924898147583,0.16737558900058502,0.072216796875,0.85234375,0.5135416666666667,0.9979980521588573,0.00464333083759564,1.5540232299260637,0.024944392759137023,1.9561638290909333,0.025022553314868533,"[[-0.5423758175676923, -0.8369503672054465, -0.07309278591245824, 0.1830676794052124], [-0.30533904846372906, 0.2774254328243577, -0.9109353405733484, -0.0031093494035303593], [0.7826854655613847, -0.4717512183947009, -0.4060224746760619, 0.8416025042533875], [0.0, 0.0, 0.0, 1.0]]","[[-0.5398367234421142, -0.8399112139718022, -0.05589570868685797, 0.1788371720198135], [-0.33735221415473726, 0.2767081144511201, -0.899791947832405, -0.0004061218351567231], [0.7712124864581893, -0.466884577793003, -0.4327233012361815, 0.8170887623445905], [0.0, 0.0, 0.0, 1.0]]",,0.072216796875,0.060042317708333334,0.003477822629689182,0.5561326475249694,nan,1516.9091461997584,5,0.10149356518744888
000050:natural,000050,923,5,23,ok,local,0.999977707862854,0.16171497400500812,0.08421875,0.8859375,0.45208333333333334,0.9974141984015045,0.04362909758640265,5.933627428440701,0.01546048807466294,2.195078995031656,0.01511266349041422,"[[-0.6126895432014012, -0.7837208246879953, -0.1019470087939172, 0.19183020293712616], [-0.30299293637641694, 0.35206717670038895, -0.8855755098218411, -0.025609849020838737], [0.72993616444019, -0.5116936310338304, -0.4531697516403313, 0.8052645921707153], [0.0, 0.0, 0.0, 1.0]]","[[-0.6346377674859498, -0.7691438271954358, -0.07517823082170691, 0.18850656741971963], [-0.30513481927118913, 0.3387662001176616, -0.8900170007532009, -0.022092179218591464], [0.7100186495402494, -0.5418986829699163, -0.4496868037790021, 0.7909477474106332], [0.0, 0.0, 0.0, 1.0]]",,0.08421875,0.06905924479166667,0.03531479794667849,6.905364833978756,nan,1471.554240217885,5,0.10024906600249066
000050:natural,000050,1026,5,24,ok,local,0.9999297857284546,0.16387692999705905,0.09228515625,0.84609375,0.45625,0.9995687982406968,0.033973685953154927,6.53423214421056,0.014987507623402082,1.6950792861544026,0.01470809663791427,"[[-0.6982241343244093, -0.7096422058709807, -0.0942920881808274, 0.16655085980892181], [-0.2807830557552693, 0.39263326506793744, -0.8757853588424646, -0.023332269862294197], [0.6585164643709865, -0.5850188533788131, -0.4734015286663901, 0.7826818823814392], [0.0, 0.0, 0.0, 1.0]]","[[-0.7118286774985809, -0.6977887011246755, -0.07993685276270845, 0.16375205464469555], [-0.2717307888049679, 0.378557281559448, -0.8847920379061223, -0.020176062527153007], [0.6476579945256536, -0.608099127436536, -0.45907903813228124, 0.7685917031199633], [0.0, 0.0, 0.0, 1.0]]",,0.09228515625,0.075458984375,0.0334103295738075,6.034160398235858,nan,1438.5102731510235,5,0.0864858326529378
000050:natural,000050,1044,5,25,ok,local,0.999977707862854,0.16440316000080202,0.092626953125,0.82421875,0.45729166666666665,0.9996994418205238,0.011482957587606943,1.502468758783719,0.013779995069833772,1.349239619570796,0.013563174146051061,"[[-0.7159512759385586, -0.6910498298357387, -0.09931718464569698, 0.1558104008436203], [-0.2679836483328476, 0.4033817053622608, -0.8749102605440465, -0.0236418005079031], [0.6446693219846645, -0.5997777358847456, -0.473991701223557, 0.7786315679550171], [0.0, 0.0, 0.0, 1.0]]","[[-0.7279997214659782, -0.6794967338799417, -0.09110507668120131, 0.15321453805863164], [-0.25834463167249727, 0.3949905159979255, -0.881612448481654, -0.019604260135006157], [0.6350384337639035, -0.6182769721525543, -0.46309741838975804, 0.7659461646482694], [0.0, 0.0, 0.0, 1.0]]",,0.092626953125,0.075791015625,0.010879572031217475,1.5491538472715032,nan,1405.6662193101783,5,0.10378765284819565
000050:natural,000050,1052,5,26,ok,local,0.9999514818191528,0.1664354060048936,0.09385416666666667,0.81875,0.45208333333333334,0.9982576916539181,0.004482306967829286,0.7552842531429499,0.013863686101803328,1.396438577610429,0.01363942943761211,"[[-0.7240865018316706, -0.6819751640505601, -0.10299812368866898, 0.15304796397686005], [-0.263639568672364, 0.4116716040700828, -0.8723649856755009, -0.02511204034090042], [0.6373326570131366, -0.6045133298948644, -0.47788148979009293, 0.7754224538803101], [0.0, 0.0, 0.0, 1.0]]","[[-0.7328708574237486, -0.674425393830342, -0.08972222414744142, 0.15034020488760305], [-0.2575836823687211, 0.3970953317727213, -0.8808890101544191, -0.021593172837193995], [0.6297216982011143, -0.6224665767541723, -0.46474101843550125, 0.7625259563872112], [0.0, 0.0, 0.0, 1.0]]",,0.09385416666666667,0.07646809895833333,0.004890336334446725,0.4235702685993263,nan,1454.9649436578743,5,0.08980446515468782
000050:natural,000050,1058,5,27,ok,local,0.9999474287033081,0.16814762599824462,0.09419921875,0.8203125,0.44895833333333335,0.9992423923565806,0.004054144888137076,0.6013794577916173,0.012422665628384982,2.093792449239845,0.012071446219063406,"[[-0.7235938119241949, -0.6823351360448172, -0.10407092516026355, 0.1528872847557068], [-0.26979996538483636, 0.4183913802962492, -0.867269641790914, -0.025543630123138428], [0.6353109270454541, -0.5994726140638111, -0.4868394098305376, 0.7713945508003235], [0.0, 0.0, 0.0, 1.0]]","[[-0.7352750019926878, -0.6722764065390395, -0.08611138037236396, 0.15029486112227028], [-0.25845649254926045, 0.39556400183228635, -0.881322106560866, -0.022224342935849226], [0.6265547951635962, -0.6257575762590945, -0.4646031086275494, 0.7600816605377585], [0.0, 0.0, 0.0, 1.0]]",,0.09419921875,0.07728190104166667,0.0025248789971289275,0.2909955265785175,nan,1468.522767469614,5,0.08489958428479419
000050:natural,000050,1066,5,28,ok,local,0.9999481439590454,0.1672718280024128,0.096328125,0.8203125,0.44375,0.9994603793947947,0.004277155816121486,0.6975062348797401,0.012862931086587075,2.0953163254201455,0.012527980357986189,"[[-0.7310052636129131, -0.6747906638518935, -0.10143404038356624, 0.1515432596206665], [-0.2711123355725758, 0.4236212527275658, -0.8643165714817167, -0.027825262397527695], [0.6262023683048461, -0.6043199435860497, -0.49261343842160255, 0.7680357098579407], [0.0, 0.0, 0.0, 1.0]]","[[-0.7398745331427247, -0.6671639066236466, -0.08647354270902542, 0.14963234152998076], [-0.25718601581676026, 0.39927676516528365, -0.8800187106200106, -0.02397166993246302], [0.6216434243008812, -0.6288639195928846, -0.46700001831467364, 0.7562692954077365], [0.0, 0.0, 0.0, 1.0]]",,0.096328125,0.07837890625,0.004245728645105663,0.4182839848566914,nan,1487.895235004484,5,0.09217171717171717
000050:natural,000050,1077,5,29,ok,local,0.9999642372131348,0.16583329100103583,0.0966796875,0.821875,0.446875,0.9992972302604382,0.0050968541421299845,0.7743929153181722,0.010146523581390574,1.7242030082843371,0.009849976417892776,"[[-0.7294959862812089, -0.6760291388980698, -0.10402023534072133, 0.15240423381328583], [-0.2618937557968012, 0.41656066229053557, -0.8705681336384393, -0.024917636066675186], [0.6318601638608418, -0.6078337091613167, -0.4809271413976807, 0.7639390826225281], [0.0, 0.0, 0.0, 1.0]]","[[-0.7437761584447806, -0.6622526451971396, -0.09065290739923017, 0.14974862376544534], [-0.25223665997769135, 0.4036711003145375, -0.8794466038723597, -0.02303307535562728], [0.619008764744111, -0.6312456799446259, -0.46728628189214866, 0.7546429435512132], [0.0, 0.0, 0.0, 1.0]]",,0.0966796875,0.07868815104166667,0.001881356345609938,0.4365781854639187,nan,1377.2138291697206,5,0.08785110560915223
000050:natural,000050,1094,5,30,ok,local,0.9999686479568481,0.16501656000036746,0.09757486979166667,0.82265625,0.48020833333333335,0.9999177834415851,0.01006911483747271,0.3837517397751256,0.01048352472865957,2.402952345303798,0.010061291328171141,"[[-0.7291835447492319, -0.6760132919850659, -0.10628916749349791, 0.15270309150218964], [-0.2565200877432312, 0.4140166490174325, -0.8733771573155448, -0.014856306836009026], [0.6344200522139503, -0.6095869449027687, -0.4753051166913295, 0.7641987204551697], [0.0, 0.0, 0.0, 1.0]]","[[-0.7495713258547955, -0.6560175009273874, -0.08822770782369428, 0.1503677226007455], [-0.2429779795472767, 0.3966812331434047, -0.8852155872310324, -0.011682879778939205], [0.6157140810140045, -0.6420943663263023, -0.4567380293161843, 0.7549410211730609], [0.0, 0.0, 0.0, 1.0]]",,0.09757486979166667,0.0791796875,0.01137097503583514,0.8943123402940149,nan,1579.7717363063155,5,0.09453030430988374
000050:natural,000050,1098,5,31,ok,local,0.9999788999557495,0.17388743099581916,0.09757486979166667,0.82109375,0.48020833333333335,0.9997133497133497,0.0013735711246724348,0.9872581846472558,0.011398969284458917,1.9483935601478923,0.011070587857893489,"[[-0.7403766819105788, -0.6647794199895476, -0.09955245673233006, 0.1513381451368332], [-0.2554187406429203, 0.41521785132988037, -0.8731296598245764, -0.014891975559294224], [0.6217745860128625, -0.6210172772921518, -0.47721473729671854, 0.7643482089042664], [0.0, 0.0, 0.0, 1.0]]","[[-0.752940308492451, -0.6523901131382731, -0.08641689182254436, 0.14943631228480758], [-0.24196404311224023, 0.39655799502980543, -0.885547911483661, -0.011574897437633297], [0.6119916813757569, -0.6458544198544883, -0.4564398958852223, 0.7539588903483122], [0.0, 0.0, 0.0, 1.0]]",,0.09757486979166667,0.07946940104166667,0.0013578535707472654,0.30927429696796394,nan,1512.7618692191634,5,0.09864031754074824
000050:natural,000050,1105,5,32,ok,local,0.9999912977218628,0.169611557997996,0.09847005208333333,0.8234375,0.484375,0.9994718452912976,0.0020156446447617093,0.5223258987178607,0.012250512657715169,2.1918514730554244,0.01188357257758149,"[[-0.745463882902475, -0.6584419161572177, -0.10362356071462078, 0.1525646150112152], [-0.25028963033297763, 0.42060694523571823, -0.8720349182041162, -0.013491371646523476], [0.6177691318249452, -0.6241346334459332, -0.4783484703618947, 0.7635756134986877], [0.0, 0.0, 0.0, 1.0]]","[[-0.7564077953677615, -0.6485975430232792, -0.08466693557425725, 0.15012655912507114], [-0.23952188436842883, 0.3951044073365257, -0.886860088411188, -0.010207904545156648], [0.6086673756190015, -0.6505487144789536, -0.45421358777840676, 0.7524179244683855], [0.0, 0.0, 0.0, 1.0]]",,0.09847005208333333,0.08008138020833333,0.0021724838576324904,0.3617961158743681,nan,1416.9537977637651,5,0.09804629964149737
000050:natural,000050,1113,5,33,ok,local,0.9999730587005615,0.1724314079983742,0.098828125,0.828125,0.5,0.9995554477853217,0.0060496597207184855,0.941447066885554,0.011014116876571257,2.051476424144694,0.010659831634598382,"[[-0.7438104261733892, -0.66132968321528, -0.09689736845826757, 0.1542849838733673], [-0.24681691600324304, 0.40649048395983045, -0.8796856804704452, -0.007821667939424515], [0.6211501105935722, -0.6304034712376511, -0.4655792129821861, 0.7623536586761475], [0.0, 0.0, 0.0, 1.0]]","[[-0.7572454164835145, -0.6482822999571645, -0.07943270354766518, 0.1520109154211587], [-0.2367226887531315, 0.38577041634616316, -0.8917084466827129, -0.005005499051047861], [0.6087207099534393, -0.6564380989945399, -0.44558656485019543, 0.7523272028743802], [0.0, 0.0, 0.0, 1.0]]",,0.098828125,0.08051106770833333,0.005533900250578875,0.6499372595334721,nan,1533.4479652651112,5,0.10140728476821192
000050:natural,000050,1125,5,34,ok,local,0.9999703168869019,0.1687942540011136,0.10098958333333333,0.825,0.4947916666666667,0.9993623211510103,0.002486457213460451,0.8545897977976711,0.013771248841957498,1.6800745203470813,0.013492233606377621,"[[-0.7499739988575816, -0.6555787845331001, -0.08806507995609024, 0.1526430994272232], [-0.24448128424168578, 0.39843460075199044, -0.8840128791930234, -0.009605128318071365], [0.6146282638254648, -0.6414564102054842, -0.4590923339734492, 0.7618005275726318], [0.0, 0.0, 0.0, 1.0]]","[[-0.7621871524101712, -0.6430226976891036, -0.07477529521785883, 0.14988661840149514], [-0.23567527897181065, 0.38320551757858634, -0.8930908258994474, -0.006746131594041132], [0.6029322150275078, -0.6630797123222297, -0.4436195149161065, 0.7489060203010898], [0.0, 0.0, 0.0, 1.0]]",,0.10098958333333333,0.08162434895833333,0.004387132283994232,0.5212253670691275,nan,1556.8877851556588,5,0.1035660091047041
000050:natural,000050,1130,5,35,ok,local,0.999982476234436,0.1687326729952474,0.10135416666666666,0.8203125,0.49166666666666664,0.9999603363477709,0.003546260190319438,0.6483781385699426,0.013351329391186632,1.8487354629960009,0.013048595972804097,"[[-0.755644471531931, -0.6490921337165052, -0.08764037078072617, 0.1500629037618637], [-0.2462266674223624, 0.4055050466105395, -0.8803056772641316, -0.010550642386078835], [0.606938103016532, -0.6436187218538149, -0.4662414395846378, 0.7595589756965637], [0.0, 0.0, 0.0, 1.0]]","[[-0.7656461960072483, -0.6389604651079487, -0.07426391092808714, 0.14751922768538378], [-0.23489669708599284, 0.38519404898552534, -0.8924397288316964, -0.007520123643344139], [0.5988393011003427, -0.6658487112645712, -0.44501216175682723, 0.7471246874165954], [0.0, 0.0, 0.0, 1.0]]",,0.10135416666666666,0.08206705729166666,0.0030621478312608365,0.3200205081794637,nan,1527.0378191608472,5,0.09531013615733737
000050:natural,000050,1145,5,36,ok,local,0.9999794960021973,0.1737740069947904,0.102626953125,0.82109375,0.48020833333333335,0.9998047561404194,0.004924530344238764,0.5996925066336968,0.014625820533911394,1.6429310387666567,0.014361180826822445,"[[-0.762237860591532, -0.641258807407255, -0.08820762894143526, 0.14971117675304413], [-0.24094597637203283, 0.40756227243063964, -0.8808166838572602, -0.014455646276473999], [0.6007815579318095, -0.6501385513979299, -0.4651681240532601, 0.7565793395042419], [0.0, 0.0, 0.0, 1.0]]","[[-0.7706211917139514, -0.6331277448796535, -0.07274432567317805, 0.14702280318038752], [-0.23483692569195538, 0.3882252849955383, -0.8911415261408169, -0.011327742403507368], [0.592446971271154, -0.6696491395425851, -0.447856523824552, 0.742823163449974], [0.0, 0.0, 0.0, 1.0]]",,0.102626953125,0.08334635416666666,0.005766065066171752,0.4766366637452629,nan,1514.5013254861951,5,0.09841734273174624
000050:natural,000050,1150,5,37,ok,local,0.9999470710754395,0.17482604199904017,0.10390625,0.821875,0.47291666666666665,0.9998053717399766,0.0025523408479513577,0.3883476737462217,0.013619933405643344,1.282782160821598,0.013413765162463146,"[[-0.7646477508607563, -0.6388657689395201, -0.08464246204419841, 0.14972463250160217], [-0.23937108905341145, 0.40350164913887715, -0.8831126207158349, -0.016650455072522163], [0.5983437965158255, -0.655009120867429, -0.4614626233526464, 0.755276620388031], [0.0, 0.0, 0.0, 1.0]]","[[-0.7725109261598591, -0.6308297366783003, -0.07266339472951423, 0.14737530687639858], [-0.23462546838459375, 0.38989229454873525, -0.8904688985680007, -0.013649772569801663], [0.5900654418597864, -0.6708483142010276, -0.4492048891863723, 0.7424156068409447], [0.0, 0.0, 0.0, 1.0]]",,0.10390625,0.08361002604166666,0.0023837334872937616,0.19553510160316442,nan,1578.751250835401,5,0.11298304727808782
000050:natural,000050,1169,5,38,ok,local,0.99998939037323,0.17229021200182615,0.104443359375,0.82109375,0.46145833333333336,0.9996882185587903,0.007525779975741795,0.9393888839040455,0.016964257135243584,1.3778328142048084,0.01675460531948313,"[[-0.7748802557483111, -0.6265714177421561, -0.08347962457999451, 0.15035489201545715], [-0.23645490973376646, 0.40980067005793663, -0.8809951682517123, -0.02104949951171875], [0.5862163976845316, -0.6629265941932416, -0.46570233604430256, 0.7613502144813538], [0.0, 0.0, 0.0, 1.0]]","[[-0.7804632787111869, -0.6213565048289246, -0.06923613550601693, 0.14759008215396544], [-0.23323111012459483, 0.3921077447203712, -0.8898624683834303, -0.017614324462423548], [0.5800690165789233, -0.6783566835278658, -0.4509452781755326, 0.7451862979317625], [0.0, 0.0, 0.0, 1.0]]",,0.104443359375,0.08349934895833333,0.004841542032233436,0.7381118489551753,nan,1556.4035982630683,5,0.10758252960087822
000050:natural,000050,1189,5,39,ok,local,0.9999849796295166,0.16481765400385484,0.10369466145833334,0.82109375,0.4635416666666667,0.9997252531595887,0.0021630103299787574,0.37360712707099314,0.013541224608628256,1.691754934400211,0.013262484342695304,"[[-0.7751834582433352, -0.6269378334483633, -0.07771460002454361, 0.15133516490459442], [-0.23869288284942367, 0.4045663104140995, -0.8828090439924998, -0.019605372101068497], [0.5849070983865167, -0.6657890457712508, -0.463258710428711, 0.7626277804374695], [0.0, 0.0, 0.0, 1.0]]","[[-0.7883641565219853, -0.6115358909314941, -0.06712646599846799, 0.14852500867096838], [-0.22804124956580574, 0.3918198386612761, -0.891332710231974, -0.0166776267038504], [0.5713827971140318, -0.6873872824860362, -0.44835294505682904, 0.7500014262617021], [0.0, 0.0, 0.0, 1.0]]",,0.10369466145833334,0.08291341145833334,0.004993691131507627,0.7645426347092356,nan,1529.9007122896428,5,0.11166701592623637
000050:natural,000050,1192,5,40,ok,local,0.9999852180480957,0.16886732199782273,0.1033203125,0.82265625,0.47291666666666665,0.9998034900172929,0.003292510350394944,0.51563987781802,0.012013203954225163,1.7198498256882684,0.011730645328492596,"[[-0.78067237573903, -0.6200024615682453, -0.07840656482268187, 0.15205878019332886], [-0.23589093448083018, 0.4085267032329072, -0.8817377159764759, -0.01642518676817417], [0.5787107298018053, -0.6698528796646068, -0.4651784720054161, 0.7621767520904541], [0.0, 0.0, 0.0, 1.0]]","[[-0.7900140958931028, -0.6094282756612384, -0.06688418984016364, 0.14940767256344406], [-0.22522246188696485, 0.3899517506257943, -0.8928672202391221, -0.013760403073470411], [0.5702201520841516, -0.6903142681605167, -0.4453254422965287, 0.7510646597574102], [0.0, 0.0, 0.0, 1.0]]",,0.1033203125,0.08280924479166667,0.003227964486038139,0.265237055884187,nan,1477.2033756215294,5,0.1120044139670529
000050:natural,000050,1209,5,41,ok,local,0.9999951124191284,0.17631890600023326,0.10421875,0.8109375,0.49166666666666664,0.999332652900997,0.008508217307329044,1.1551685476927698,0.013415531376340223,1.843199023098887,0.01311947289778217,"[[-0.7928233848421614, -0.6045660486021559, -0.07701281273264272, 0.1467123180627823], [-0.2272038124056712, 0.4104504335523465, -0.8831244924839418, -0.01011138316243887], [0.5655170272199999, -0.6826641447111942, -0.46277441313234624, 0.7641619443893433], [0.0, 0.0, 0.0, 1.0]]","[[-0.8009586163512387, -0.5950511175417075, -0.06616825854142316, 0.14417970382371012], [-0.21492854154638696, 0.3889170400736748, -0.8958509637823583, -0.00745193819861474], [0.5588114193615753, -0.703318822929158, -0.4394006211460889, 0.7515669538488117], [0.0, 0.0, 0.0, 1.0]]",,0.10421875,0.08286783854166667,0.00820857390629943,1.1321188034817447,nan,1546.2920956379467,5,0.0993140006236358
000050:natural,000050,1216,5,42,ok,local,0.9999935626983643,0.17329270300251665,0.10421875,0.8109375,0.4895833333333333,0.9994904358733145,0.002850017707069728,0.5521885418961981,0.01604263395615063,1.8274827946277357,0.01577225935963869,"[[-0.7983334929252582, -0.5970689431978033, -0.07856405757351463, 0.1472512185573578], [-0.22377517948133388, 0.4152320250419863, -0.8817635932763547, -0.011766292154788971], [0.5590959695095765, -0.6863607232703434, -0.46510284285301606, 0.7664188146591187], [0.0, 0.0, 0.0, 1.0]]","[[-0.8031853109959852, -0.5918560164862635, -0.06781024932095688, 0.14417045091570044], [-0.21263939287455602, 0.3911547823185278, -0.8954226284401741, -0.008289680998157248], [0.5564856869102976, -0.7047718939103178, -0.44002223311636085, 0.7513461171264468], [0.0, 0.0, 0.0, 1.0]]",,0.10421875,0.08300455729166667,0.000866410683473374,0.25711152021112693,nan,1549.992620429642,5,0.09893608759804302
000050:natural,000050,1242,5,43,ok,local,0.999997615814209,0.17916417100059334,0.10459635416666667,0.79375,0.49895833333333334,0.9996891513832763,0.010465725427886043,0.9912447226616494,0.01361603864787487,1.979579562410573,0.013303607294192566,"[[-0.8082183355965309, -0.5835194011563674, -0.07929836366337917, 0.13882720470428467], [-0.21466883312451235, 0.41733396541648843, -0.8830343444027032, -0.007787094917148352], [0.548361572405048, -0.6966616609114245, -0.46256039186856457, 0.7616508603096008], [0.0, 0.0, 0.0, 1.0]]","[[-0.8154644939787712, -0.5746743694684124, -0.06903859111446596, 0.1360467054683678], [-0.20107084443373213, 0.39311039441325746, -0.8972372614252383, -0.0051291652334591745], [0.5427591077913152, -0.7177833514971733, -0.43611839695511184, 0.7489154686456698], [0.0, 0.0, 0.0, 1.0]]",,0.10459635416666667,0.08375,0.00904942827083934,1.2589059454242362,nan,1650.37089443923,5,0.09448758163212835
000050:natural,000050,1246,5,44,ok,local,0.9999970197677612,0.23754407500382513,0.10459635416666667,0.790625,0.49895833333333334,0.9993020550601008,0.0019144934784283544,0.38543660714745653,0.015020536429608366,2.156268397861833,0.014693298106401288,"[[-0.8115667664444081, -0.5792264464976179, -0.07652520683220906, 0.13704577088356018], [-0.21614762237713384, 0.41933900642565486, -0.8817227472571284, -0.00788420345634222], [0.5428071378893992, -0.6990361373832468, -0.46552002071729487, 0.7623453736305237], [0.0, 0.0, 0.0, 1.0]]","[[-0.8175222833819462, -0.572004522522395, -0.06683464958120532, 0.13439060325372235], [-0.20075457251315326, 0.3918324801961072, -0.8978671783167128, -0.004773158327461238], [0.5397719062986034, -0.7206094623233502, -0.43516489692685206, 0.7482328085799348], [0.0, 0.0, 0.0, 1.0]]",,0.10459635416666667,0.08389322916666667,0.0018263187640226387,0.248993299034598,nan,1634.4546637108938,5,0.09413181014830563
000050:natural,000050,1263,5,45,ok,local,0.9999988079071045,0.19645154899626505,0.106259765625,0.78828125,0.4739583333333333,0.9992360288781084,0.008612949685677265,0.6710590779233881,0.018187221399081115,1.376946096606325,0.017979376150150855,"[[-0.8178408924999514, -0.5707178403289945, -0.07360313366352961, 0.13609172403812408], [-0.21203916922659719, 0.41778847586240425, -0.8834546848312392, -0.016374584287405014], [0.5349538907874005, -0.7069186206111547, -0.4626990367016606, 0.7612562775611877], [0.0, 0.0, 0.0, 1.0]]","[[-0.823173614909091, -0.5635918696537632, -0.06890611367705864, 0.13260212863881934], [-0.2005449646200253, 0.4021349136922763, -0.8933470270649767, -0.013290372330239506], [0.5311923919842146, -0.7215612951225487, -0.4440530224344007, 0.7438905547918631], [0.0, 0.0, 0.0, 1.0]]",,0.106259765625,0.08515299479166667,0.009726085737710622,0.8002709997739469,nan,1582.8204627323507,5,0.09681233803809093
000050:natural,000050,1266,5,46,ok,local,0.9999988079071045,0.1590393789956579,0.10716796875,0.7890625,0.46770833333333334,0.9991994205329572,0.005993083206961573,1.1904606537077331,0.01347272551277158,2.2240427334193233,0.013186283529026748,"[[-0.823863002508373, -0.5620418949306933, -0.07320287863604734, 0.13529245555400848], [-0.2177015346710673, 0.43303905653478464, -0.8746903551070665, -0.01882755011320114], [0.5233123301621609, -0.7046886432022151, -0.47912224039598755, 0.7558469176292419], [0.0, 0.0, 0.0, 1.0]]","[[-0.823968277836649, -0.5624623673922039, -0.0686364758622256, 0.1327016140554163], [-0.20085745395649235, 0.4031895263861589, -0.892801817173803, -0.015143931943697637], [0.5298412426665902, -0.7218542355182374, -0.44519076018944903, 0.7434535092676023], [0.0, 0.0, 0.0, 1.0]]",,0.10716796875,0.08531901041666666,0.0019069843678003367,0.1276272885960757,nan,1559.1745039706047,5,0.09613751061809823
000050:natural,000050,1280,5,47,ok,local,0.9999986886978149,0.15699380599835422,0.108076171875,0.78671875,0.453125,0.9995442461071021,0.004348976163589368,1.2827578336285177,0.013979672755709167,2.3232602388766375,0.013707956149431993,"[[-0.8343457200311252, -0.545432829047255, -0.07981383628952574, 0.13500207662582397], [-0.20937801973211015, 0.4475082298613533, -0.8694235038572503, -0.023166704922914505], [0.5099294699454062, -0.7086885163482383, -0.4875782219063221, 0.7558786869049072], [0.0, 0.0, 0.0, 1.0]]","[[-0.8315422505985399, -0.5504292261839064, -0.07459226689027393, 0.13204327974026825], [-0.19497437303373297, 0.41498310766645596, -0.8886924598051849, -0.019665051550583307], [0.5201168698075708, -0.7244418641263355, -0.4523957028526762, 0.7429600179934126], [0.0, 0.0, 0.0, 1.0]]",,0.108076171875,0.08567057291666667,0.004595373783270401,0.9786844385277007,nan,1693.4730412770639,5,0.1103649202508518
000050:natural,000050,1284,5,48,ok,local,0.9999985694885254,0.1647284970022156,0.108076171875,0.78984375,0.4510416666666667,0.9994689929831215,0.0018983665022906002,0.2411938324289879,0.014553283169957484,2.234168564571083,0.014264003603896068,"[[-0.8325431195955757, -0.5477903459338753, -0.08244811044355145, 0.1361265629529953], [-0.20794179209268893, 0.4469839130193388, -0.8700376960817278, -0.02444498986005783], [0.513451229539231, -0.7071994898213407, -0.486041887578722, 0.7567185163497925], [0.0, 0.0, 0.0, 1.0]]","[[-0.8326776665823883, -0.5488880004498896, -0.07326981480225052, 0.13323374393444873], [-0.195502440943291, 0.41518444894086676, -0.8884816233253862, -0.02060552131910414], [0.5180976637779642, -0.7254952940342408, -0.45302461298670216, 0.7432890011589555], [0.0, 0.0, 0.0, 1.0]]",,0.108076171875,0.08577799479166667,0.001552391157646168,0.1587368773509229,nan,1612.9048993535666,5,0.09512273502583245
000050:natural,000050,1324,5,49,ok,local,0.9999988079071045,0.17059784899902297,0.108984375,0.759375,0.41770833333333335,0.9987200240936641,0.016954746109723164,1.9860308337255121,0.015424325202853202,1.1586834736499012,0.015263118216098723,"[[-0.8473411185137302, -0.5257296825164278, -0.0749755279879712, 0.12248409539461136], [-0.19219335690242842, 0.4352050164991856, -0.8795784826702611, -0.03448634594678879], [0.49505024233755823, -0.730893216916889, -0.469808857969287, 0.7574380040168762], [0.0, 0.0, 0.0, 1.0]]","[[-0.8565231950258887, -0.5104728712388208, -0.0760572124725473, 0.11972777610410419], [-0.1796304862751898, 0.4330108661914479, -0.8833092643875254, -0.03123818251608316], [0.4838379628414612, -0.7429125538967715, -0.4625808935801594, 0.7427814383900041], [0.0, 0.0, 0.0, 1.0]]",,0.108984375,0.086357421875,0.01719657730853644,2.6321587270463547,nan,1718.4998805119474,5,0.08312312020956632
000050:natural,000050,1480,5,50,ok,local,1.0,0.15577064600074664,0.089609375,0.76015625,0.5145833333333333,0.9993989828941285,0.10447451561363955,5.782540691200495,0.02164342199920521,1.0954090139255188,0.021559317835440146,"[[-0.8803899350544233, -0.4673988765144625, -0.08032342427889132, 0.13833273947238922], [-0.1266765240505936, 0.3949779157789019, -0.9099151082938532, -0.0019641900435090065], [0.45701927804998344, -0.7909050109083731, -0.4069430466425236, 0.8554484844207764], [0.0, 0.0, 0.0, 1.0]]","[[-0.8769732766169657, -0.4746356108695199, -0.0750882096624164, 0.13490836067204087], [-0.12609631287687056, 0.37807972077823254, -0.917145396679359, 0.0010439195490160528], [0.4636988897432553, -0.7948441580914822, -0.39141585335480067, 0.8343764866028045], [0.0, 0.0, 0.0, 1.0]]",,0.089609375,0.07036783854166667,0.09829667908261698,5.268620565896588,nan,2293.29951095633,5,0.07799313194808219
000050:natural,000050,1542,5,51,ok,local,0.9999998807907104,0.16377229000499938,0.090693359375,0.75859375,0.378125,0.9994143880354971,0.05139115908709538,2.0217029099456467,0.017675291726491068,1.2358181771551908,0.01749544202892912,"[[-0.8880944847981673, -0.45484238724628795, -0.06638214244189553, 0.1364983320236206], [-0.14529605946248436, 0.41478952549956166, -0.8982420078355963, -0.052687399089336395], [0.4360931565339594, -0.7880787094573402, -0.4344590964916045, 0.8473960161209106], [0.0, 0.0, 0.0, 1.0]]","[[-0.8915355358414466, -0.4480534850652864, -0.06642067259270441, 0.13368570443623984], [-0.13361356781523367, 0.4002629303751099, -0.9066069808974292, -0.048830488546566915], [0.43279416919203806, -0.7993984458371896, -0.41671539688781434, 0.8305643834339905], [0.0, 0.0, 0.0, 1.0]]",,0.090693359375,0.07222005208333333,0.050034823890220466,2.3171637558565688,nan,1750.1622958420508,5,0.06108784226572072
000050:natural,000050,1564,5,52,ok,local,0.9999998807907104,0.1596411159989657,0.09223958333333333,0.7578125,0.36770833333333336,0.9995116320369384,0.005314313776323318,1.8950107455681775,0.01842309219810238,2.0119757877660644,0.018253852585168484,"[[-0.9015551853702147, -0.4284183611767127, -0.06046449816823549, 0.13569408655166626], [-0.14397092233586614, 0.4288380809749825, -0.8918353400866397, -0.05675531178712845], [0.4080081142009762, -0.7953336457816618, -0.44830098219144054, 0.8440722823143005], [0.0, 0.0, 0.0, 1.0]]","[[-0.8963300391285766, -0.4387348505147107, -0.06405478630642338, 0.13266850239489517], [-0.13187177150491197, 0.40171907663693524, -0.9062182789697487, -0.052456807456100506], [0.4233215588776682, -0.8038240449024742, -0.4179298356822172, 0.8265916691892556], [0.0, 0.0, 0.0, 1.0]]",,0.09223958333333333,0.07328450520833334,0.005474243993180807,0.6201618362285014,nan,1625.245199740369,5,0.05629305998991766
000050:natural,000050,1592,5,53,ok,local,0.9999997615814209,0.1579261119986768,0.093515625,0.7625,0.375,0.9992050874403816,0.0053804797885152415,0.5414562761412033,0.015246489932085454,1.784836253446819,0.015027051935933452,"[[-0.9019137847810829, -0.4263807106279159, -0.06892760278941687, 0.13726192712783813], [-0.13482903533921076, 0.4295483373723855, -0.8929218090572753, -0.05332039296627045], [0.41033237265826367, -0.7960450461280776, -0.4449040666071593, 0.8402391672134399], [0.0, 0.0, 0.0, 1.0]]","[[-0.9016033945868979, -0.4265330390393482, -0.07197551386202113, 0.13496824081136718], [-0.11964381915277385, 0.4058035620588858, -0.9060954068775335, -0.04957553731550706], [0.41568725948997837, -0.8083274945765802, -0.41690671707644517, 0.825868107784093], [0.0, 0.0, 0.0, 1.0]]",,0.093515625,0.07365234375,0.003756867779722024,0.8939025312488683,nan,1817.8459960599491,5,0.0517774343122102
000050:natural,000050,1593,5,54,ok,local,0.9999997615814209,0.15584711399424123,0.0943359375,0.76328125,0.3770833333333333,0.9994258204142926,0.0007253511691673773,0.18334123123263443,0.015639539028379893,1.806279245949663,0.01541487572507276,"[[-0.901101750972051, -0.42825261670676107, -0.06793622508585172, 0.13781003654003143], [-0.135521456490186, 0.4269834138850202, -0.8940464747975196, -0.05287168174982071], [0.41188538360311144, -0.796420027718355, -0.44279292024964934, 0.8403952717781067], [0.0, 0.0, 0.0, 1.0]]","[[-0.9010674665210784, -0.4275636083494317, -0.07256989567485629, 0.13525029377799602], [-0.11858520464108402, 0.403872345107045, -0.9070965260106904, -0.04911792367782251], [0.4171503161246625, -0.8087499234873886, -0.414619445443901, 0.8256651865458837], [0.0, 0.0, 0.0, 1.0]]",,0.0943359375,0.07365885416666666,0.0005745791036014247,0.16135521503162878,nan,1791.0712104139714,5,0.059332509270704575
000050:natural,000050,1613,5,55,ok,local,0.9999998807907104,0.16362494499480817,0.0943359375,0.75546875,0.3875,0.9994291485531112,0.006401507458330894,0.8086874601342233,0.015509761092121767,1.7025674807177964,0.015274644133430106,"[[-0.9059445748015248, -0.4187807266128437, -0.062346855616801804, 0.133400097489357], [-0.1328169502722748, 0.42091283715259087, -0.8973249362636304, -0.04844619706273079], [0.40202498070151793, -0.8046459386200706, -0.436944880224233, 0.8389999866485596], [0.0, 0.0, 0.0, 1.0]]","[[-0.908702174201451, -0.4113263139956091, -0.07120199167618606, 0.13091522756531182], [-0.11152355122811441, 0.4035776381159928, -0.9081230744244523, -0.0450228821569094], [0.40227078169467256, -0.8172730870974194, -0.4126044950766145, 0.8243227563267622], [0.0, 0.0, 0.0, 1.0]]",,0.0943359375,0.07408854166666666,0.00611263306763698,1.0530674679631098,nan,1820.974460232125,5,0.05855043967447703
000050:natural,000050,1629,5,56,ok,local,0.9999998807907104,0.1761060529970564,0.0962890625,0.75,0.38645833333333335,0.9981496622057747,0.007421316438055034,1.2774300503539646,0.016500880238485297,2.141520932005926,0.016245512621382012,"[[-0.9139740435630591, -0.4010390471633072, -0.06179911280381154, 0.13033811748027802], [-0.12967376102343828, 0.43298712766721004, -0.8920240260085691, -0.048783451318740845], [0.3844946857825584, -0.8072730826212696, -0.44774323744767686, 0.8322482109069824], [0.0, 0.0, 0.0, 1.0]]","[[-0.9128307846155139, -0.40269600834822894, -0.06763664692387203, 0.1276003182160574], [-0.11130870790153097, 0.4047574394561578, -0.9076236780120893, -0.0448288541866781], [0.3928732885636344, -0.8209794938628306, -0.41429940264631904, 0.8167310495350241], [0.0, 0.0, 0.0, 1.0]]",,0.0962890625,0.0755078125,0.008286150062527805,0.5928624168436545,nan,1905.9574548289538,5,0.0544464609800363
000050:natural,000050,1656,5,57,ok,local,0.9999998807907104,0.16518755299330223,0.097880859375,0.75078125,0.359375,0.9992398327632079,0.01193506266450828,0.6781523293457803,0.01539033041349357,1.7065853819292671,0.015202759844372256,"[[-0.9186428616633674, -0.3903953031708011, -0.060719024836669244, 0.12946021556854248], [-0.12651205589112954, 0.4362577825762704, -0.8908837448600325, -0.058280907571315765], [0.3742859768000096, -0.8107223041238064, -0.450154810223159, 0.8250737190246582], [0.0, 0.0, 0.0, 1.0]]","[[-0.9170132696693651, -0.3933746677999419, -0.06589340205864512, 0.12692370801661967], [-0.11257115626262591, 0.41374772446741354, -0.9034049367642486, -0.05428134215161826], [0.3826393980789521, -0.8210169358984492, -0.4236947687583388, 0.8106274907010349], [0.0, 0.0, 0.0, 1.0]]",,0.097880859375,0.077021484375,0.01127212315978179,0.8146404126154423,nan,1931.918770629589,5,0.0574543929544978
000050:natural,000050,1658,5,58,ok,local,0.9999998807907104,0.17552095100109,0.09871744791666667,0.753125,0.35520833333333335,0.9992836676217765,0.003120021050347328,0.21335375694886102,0.013780046594053422,1.6405504006367297,0.013576180183501147,"[[-0.9172941755885072, -0.3932461791131671, -0.06268044387443042, 0.13054274022579193], [-0.12630801316621623, 0.43660617373897315, -0.890742013639761, -0.05967368185520172], [0.37764756220768014, -0.809155418733576, -0.45016644376573417, 0.8225002288818359], [0.0, 0.0, 0.0, 1.0]]","[[-0.9172514320390004, -0.3929106869583615, -0.06535240971572018, 0.12790962949151705], [-0.1131614617942606, 0.4143777548834599, -0.9030419726044435, -0.055894934149626395], [0.38189548872304785, -0.8209210402794842, -0.42455129670165914, 0.8097291497569716], [0.0, 0.0, 0.0, 1.0]]",,0.09871744791666667,0.077197265625,0.00209349868461391,0.10273698949657961,nan,1965.250853787599,5,0.053810959758760525
000050:natural,000050,1669,5,59,ok,local,0.9999998807907104,0.17446801100595621,0.09994140625,0.74609375,0.3625,0.9995021779713752,0.011411403426703976,0.6536546405150893,0.010848882052074488,1.9908786314499005,0.010588598642001025,"[[-0.9207490820101893, -0.38513455833765353, -0.062389902640203526, 0.1250298023223877], [-0.12556548601021267, 0.44391822071037146, -0.887225970113791, -0.05614306032657623], [0.3693973967158036, -0.809078479070726, -0.45709690220366783, 0.8131534457206726], [0.0, 0.0, 0.0, 1.0]]","[[-0.9206883059048521, -0.3846238178149376, -0.06630752326750139, 0.12352536236135028], [-0.1093010789930346, 0.4171792865895682, -0.9022270915693844, -0.05256617941734571], [0.3746797022893408, -0.8234233187049745, -0.42613273850906946, 0.8033014913680478], [0.0, 0.0, 0.0, 1.0]]",,0.09994140625,0.078427734375,0.008462694529583592,0.5267722682449927,nan,1870.7838818774928,5,0.04984375800420061
000050:natural,000050,1678,5,60,ok,local,0.9999998807907104,0.1760892199963564,0.101953125,0.73125,0.371875,0.9995910522226311,0.01232308987321319,0.6249939702999101,0.010268198860849101,1.532036290191905,0.010062668282812081,"[[-0.9238963637242685, -0.3775429195250088, -0.062264379974468854, 0.11632094532251358], [-0.11959169976156318, 0.4394775298182028, -0.8902568877200726, -0.0517326183617115], [0.363473980423926, -0.8150587983093135, -0.4511826912165005, 0.8056326508522034], [0.0, 0.0, 0.0, 1.0]]","[[-0.9243940012924375, -0.3751401042026683, -0.06902494562591653, 0.11491136265313326], [-0.10358825945368093, 0.4210554539407866, -0.9011002891662225, -0.04880818757275958], [0.3671017322676716, -0.8258217322423497, -0.4280813153823325, 0.7961080472263969], [0.0, 0.0, 0.0, 1.0]]",,0.101953125,0.07956705729166667,0.011835080578356473,0.6161464149652655,nan,1709.509576007235,5,0.07024586051179127
000050:natural,000050,1695,5,61,ok,local,0.9999998807907104,0.1804938109999057,0.103984375,0.72265625,0.3625,0.9996006868186719,0.007572475928539402,0.9599574868335694,0.014726027067712753,1.8901105440164878,0.014515670228824043,"[[-0.9283096024432552, -0.36833539741435334, -0.05069829408624783, 0.11192295700311661], [-0.1271767698310278, 0.4426933936973205, -0.8876083755756782, -0.05581178143620491], [0.3493813836296814, -0.8175277329781282, -0.4578002343650007, 0.8010109066963196], [0.0, 0.0, 0.0, 1.0]]","[[-0.9265679427784129, -0.37145633782423876, -0.059086839721703845, 0.10992064586337935], [-0.11041895620889859, 0.4188054533395644, -0.9013374765737017, -0.051771155004693974], [0.35955337555933925, -0.8286269207952769, -0.42906757893662534, 0.7872134877227351], [0.0, 0.0, 0.0, 1.0]]",,0.103984375,0.08148763020833333,0.010620716493834866,0.6251010923297063,nan,1767.8630320807988,5,0.06259711431742508
000050:natural,000050,1708,5,62,ok,local,0.9999998807907104,0.16893185699882451,0.10603515625,0.7140625,0.359375,0.999687255668491,0.014361135145515238,0.1409360562686059,0.010613501353672523,1.701619117711813,0.010408295161496406,"[[-0.9280954818618935, -0.36909503109785224, -0.049067652954002984, 0.10592062026262283], [-0.12827618826381587, 0.4406647249792723, -0.8884592391795173, -0.055089302361011505], [0.34954827430849267, -0.8182807942129743, -0.45632504396552437, 0.787984311580658], [0.0, 0.0, 0.0, 1.0]]","[[-0.9270688912852056, -0.3707220482529728, -0.05574683524938159, 0.10435037538978216], [-0.11329039370734756, 0.41879174637490973, -0.9009878186539751, -0.0517567325936318], [0.35736178906271054, -0.8289623255688033, -0.43024869092964435, 0.7782497896122358], [0.0, 0.0, 0.0, 1.0]]",,0.10603515625,0.0832421875,0.010553483072954596,0.21486896247890935,nan,1847.998151477394,5,0.04118130407462903
000050:natural,000050,1711,5,63,ok,local,0.9999998807907104,0.17604488999495516,0.10643229166666666,0.7125,0.36041666666666666,0.9997668363579839,0.002259863981415262,0.4852348053356244,0.010704135156302745,2.1091807446354855,0.010459733073218909,"[[-0.9304880836828995, -0.3633177204489231, -0.046820509735844965, 0.1052275225520134], [-0.1292819573717127, 0.4452815454936526, -0.8860081945111584, -0.05470553785562515], [0.34275078646483803, -0.8183670198942412, -0.4612995980132135, 0.7858678698539734], [0.0, 0.0, 0.0, 1.0]]","[[-0.9281881353531383, -0.36840945041916606, -0.052348217217205076, 0.1033365493209714], [-0.11445640827332311, 0.41651917481912204, -0.9018937381668815, -0.05126037173864666], [0.3540697698590753, -0.8311357776971211, -0.4287752985705633, 0.7761745181823948], [0.0, 0.0, 0.0, 1.0]]",,0.10643229166666666,0.08374674479166666,0.002362407438118182,0.26727450123862667,nan,1815.9280348270427,5,0.051609643424281794
000050:natural,000050,1713,5,64,ok,local,0.9999998807907104,0.17595732000336284,0.1073046875,0.71484375,0.36041666666666666,0.9993812359811277,0.002270526427818097,0.4046858903463535,0.012973611195667156,1.8129323574156946,0.012763597852743966,"[[-0.9293898461798906, -0.36623525917012156, -0.04589388584890618, 0.10708215832710266], [-0.12922040494617118, 0.43932200895615864, -0.8889872099148964, -0.055548738688230515], [0.34574065535205156, -0.8202852597647473, -0.4556264828227338, 0.7868701815605164], [0.0, 0.0, 0.0, 1.0]]","[[-0.9281338907485877, -0.3684843333150332, -0.05278719191985201, 0.10455010915006677], [-0.11374543841667523, 0.4157642614227743, -0.9023310704008907, -0.051490192040241266], [0.35444224430173377, -0.8314802721981627, -0.42779910992562664, 0.7750369082932527], [0.0, 0.0, 0.0, 1.0]]",,0.1073046875,0.08412109375,0.0016791965607673759,0.06550972016597528,nan,1918.6875181712023,5,0.054697585464977286
000050:natural,000050,1714,5,65,ok,local,0.9999998807907104,0.17081575399788562,0.1073046875,0.71640625,0.35833333333333334,0.999304965634412,0.0012768371852444928,0.29082672118825686,0.013926754374567292,1.7564607048225467,0.013742806564482997,"[[-0.9300716732627134, -0.36391292637151285, -0.05033949358126976, 0.10799264162778854], [-0.12464621420334321, 0.44147963276811547, -0.8885713562431016, -0.0563768595457077], [0.34558646368032303, -0.8201604208145209, -0.45596806933191797, 0.7872101068496704], [0.0, 0.0, 0.0, 1.0]]","[[-0.9279767911298854, -0.369016391088267, -0.05180787913588563, 0.10521356827935134], [-0.11515297024833744, 0.41620722236107277, -0.9019487441692157, -0.052111563859497556], [0.35439696269210846, -0.8310225717996805, -0.42872456073379506, 0.7744449693141011], [0.0, 0.0, 0.0, 1.0]]",,0.1073046875,0.08424479166666667,0.001084745458177124,0.09982024453892313,nan,1657.072585313734,5,0.051278986373416206
000050:natural,000050,1718,5,66,ok,local,0.9999998807907104,0.17690500599564984,0.10938802083333334,0.725,0.340625,0.9995032669748959,0.007284909549850102,0.9663072854316274,0.014408417363268448,1.5950315278126694,0.01419905834683225,"[[-0.9259578002704008, -0.37558403599707096, -0.03922733769388985, 0.11175116151571274], [-0.13808609454248089, 0.43344576731875173, -0.8905374766327709, -0.06216020509600639], [0.35147458316698316, -0.8191833730597852, -0.45321542194632575, 0.78486567735672], [0.0, 0.0, 0.0, 1.0]]","[[-0.9277663367208584, -0.36976075947349313, -0.05025793496636249, 0.10876785695139672], [-0.11766071931197364, 0.4176792174354558, -0.9009441261280289, -0.05787684706307293], [0.35412483277824025, -0.8299519463640095, -0.4310158839684524, 0.7716609056519542], [0.0, 0.0, 0.0, 1.0]]",,0.10938802083333334,0.08514973958333333,0.007322736432273474,0.18707679189430299,nan,1893.0689186194645,5,0.05078529107495533
000050:natural,000050,1719,5,67,ok,local,0.9999997615814209,0.18057703800150193,0.10938802083333334,0.7265625,0.3385416666666667,0.9995050447363412,0.002138705146814776,1.0054807045370433,0.013467784400315826,1.9859027609032558,0.0132665229606048,"[[-0.9308107669086167, -0.36276106036051836, -0.044673586078388706, 0.11086069792509079], [-0.13104919016064953, 0.445335422900967, -0.8857214408988042, -0.06268499046564102], [0.3411999794332185, -0.8185846163932762, -0.46206254970408667, 0.7829933166503906], [0.0, 0.0, 0.0, 1.0]]","[[-0.9279434424364168, -0.3696056367477342, -0.048079858701285644, 0.10893013005625185], [-0.11960994732533152, 0.4174743231287411, -0.9007819613586169, -0.05839271327582005], [0.35300678524546214, -0.8301243319823316, -0.4316014878986352, 0.7705896923536859], [0.0, 0.0, 0.0, 1.0]]",,0.10938802083333334,0.08545572916666666,0.001199978516641137,0.1452610329470589,nan,1769.7341022932437,5,0.05061392820320555
000050:natural,000050,1733,5,68,ok,local,0.9999998807907104,0.1766748519949033,0.11067708333333333,0.72421875,0.37083333333333335,0.9993620055543045,0.016921711974568893,0.7967597781001698,0.009128113324071816,1.657770787704617,0.00891102172207031,"[[-0.9298661905283572, -0.3652296979330913, -0.04422822017653097, 0.10821542888879776], [-0.12785902774213626, 0.433546330444164, -0.8920143767805742, -0.04926847666501999], [0.34496512394315504, -0.8237990332029423, -0.4498379887879422, 0.773026168346405], [0.0, 0.0, 0.0, 1.0]]","[[-0.929713161811877, -0.3647466839377194, -0.050924238955424014, 0.10735228285122642], [-0.11230705424296687, 0.4124786378349838, -0.9040175509879889, -0.04702149791135423], [0.35074221207231127, -0.8347583388017682, -0.42445013670427684, 0.7644464029924103], [0.0, 0.0, 0.0, 1.0]]",,0.11067708333333333,0.08668294270833334,0.013020527825085752,0.5787303091654047,nan,1674.9458050804235,5,0.053604436229205174
000050:natural,000050,1743,5,69,ok,local,0.9999998807907104,0.17085072099871468,0.11067708333333333,0.74140625,0.37083333333333335,0.9994744547467999,0.013567923236483256,0.5739122802087679,0.015192367642470917,1.5838075416890698,0.015046026357822595,"[[-0.9300777098255851, -0.3644679972718528, -0.04602752057453973, 0.11923579126596451], [-0.12263890494681425, 0.4261505115626921, -0.8963009765075033, -0.05063430592417717], [0.34628767329929777, -0.8279847948238549, -0.4410510479088087, 0.7808219790458679], [0.0, 0.0, 0.0, 1.0]]","[[-0.9272629658138106, -0.37103832011031973, -0.05012824410916564, 0.11547850952466408], [-0.1127735302560243, 0.40444858224179536, -0.9075806946968459, -0.04728319561821431], [0.35702187680454395, -0.8359133025619532, -0.4168742154779422, 0.7666432695561417], [0.0, 0.0, 0.0, 1.0]]",,0.11067708333333333,0.086669921875,0.008422010943753677,0.6079217649959531,nan,1555.5264203152385,5,0.06664198445020363
000050:natural,000050,1745,5,70,ok,local,0.9999998807907104,0.16867593999631936,0.1115625,0.7484375,0.36875,0.9995498537024533,0.002677923222729705,0.3456915180476622,0.013959696591147246,1.958815332288095,0.013777907905789357,"[[-0.9301302512155982, -0.3648459474559379, -0.04177499729008269, 0.12115248292684555], [-0.1277966616246374, 0.42823248919553447, -0.8945864678581911, -0.052105844020843506], [0.34427565852265113, -0.8267432308899626, -0.4449380868462702, 0.7796677947044373], [0.0, 0.0, 0.0, 1.0]]","[[-0.9263663772796389, -0.3735798006447247, -0.047772982122369474, 0.11856093755857694], [-0.11522285569622234, 0.40188482237402007, -0.9084119570747882, -0.048056038644264776], [0.3585636215236921, -0.8360180024970245, -0.41533845244710277, 0.7667560281608363], [0.0, 0.0, 0.0, 1.0]]",,0.1115625,0.08673828125,0.003179837013134383,0.2366545953849862,nan,1714.054899217636,5,0.05647840531561462
000050:natural,000050,1756,5,71,ok,local,0.9999996423721313,0.1761910560016986,0.11197265625,0.746875,0.36354166666666665,0.9995907890331461,0.0054884081190145085,0.6175868758999471,0.009948549602443707,1.7736016549210136,0.009725128696161794,"[[-0.9309885671756329, -0.36345708047300107, -0.034047590844372984, 0.12012504786252975], [-0.13107840937957624, 0.4198828011076549, -0.8980628507674233, -0.0526607520878315], [0.3407032996358901, -0.8316233426185407, -0.43854746337105144, 0.7743050456047058], [0.0, 0.0, 0.0, 1.0]]","[[-0.9302647104252485, -0.36460736287104567, -0.040846503361591416, 0.1178386015907634], [-0.11548154547997137, 0.39666334667287023, -0.9106715110352418, -0.04999487533222703], [0.34824001032759355, -0.8424484527951379, -0.41110798437173746, 0.7652362313091563], [0.0, 0.0, 0.0, 1.0]]",,0.11197265625,0.08746744791666666,0.0025672240695665976,0.7504213529378786,nan,1797.5234776111133,5,0.05975548330967535
000050:natural,000050,1778,5,72,ok,local,0.9999995231628418,0.17620256900409004,0.114638671875,0.76796875,0.3572916666666667,0.9990332056669021,0.015515832540241192,1.7969861033804504,0.015537727051878166,2.039588342097925,0.015418189493414673,"[[-0.937333794480151, -0.34814227334768827, -0.014223755964765846, 0.13183850049972534], [-0.13524170883267977, 0.40113786841026006, -0.9059790785218442, -0.0563419908285141], [0.3211153031505323, -0.8472811623278169, -0.42308343627110384, 0.7837910652160645], [0.0, 0.0, 0.0, 1.0]]","[[-0.9312498181672533, -0.3631232949720767, -0.030242618176386907, 0.12842555427051486], [-0.11868582524974165, 0.38075059978357273, -0.9170290583728657, -0.05224211383826019], [0.34450927920879854, -0.850393924906606, -0.39767200162769606, 0.7693251268104114], [0.0, 0.0, 0.0, 1.0]]",,0.114638671875,0.08745768229166667,0.01156947338328237,1.055348380206675,nan,1778.9131594551095,5,0.0582010582010582
000050:natural,000050,1782,5,73,ok,local,0.9999996423721313,0.16945670499990229,0.114638671875,0.76328125,0.35104166666666664,0.9994464331844853,0.004509497400418093,0.45886375903961113,0.014756988912160823,2.1767305645486306,0.014618045842960465,"[[-0.9398409427755525, -0.34133090168616964, -0.01386426474308785, 0.12915128469467163], [-0.13372343529703992, 0.40494177120098795, -0.9045110307724085, -0.058437738567590714], [0.314351785640098, -0.8482425228027141, -0.4262247967612499, 0.7808377146720886], [0.0, 0.0, 0.0, 1.0]]","[[-0.9335084529635671, -0.3577721212494214, -0.023660153752278958, 0.12622236107808305], [-0.12166129961902065, 0.3781315436448176, -0.9177227255115741, -0.05407514514024516], [0.33728235681093444, -0.8538237837858034, -0.39651651016724143, 0.7671967304956164], [0.0, 0.0, 0.0, 1.0]]",,0.114638671875,0.08815755208333333,0.0035698928373366526,0.5150943421364097,nan,1850.965954497751,5,0.06445941986522122
000050:natural,000050,1874,5,74,ok,local,0.9999998807907104,0.19604834100027801,0.11992513020833333,0.74296875,0.38645833333333335,0.9993642720915448,0.024559218453590024,4.034478718140649,0.01028324384698449,1.4051428770244447,0.010103418441173823,"[[-0.9577035115771914, -0.28759058320819236, -0.009779589085868437, 0.11759059131145477], [-0.10320705097176845, 0.37501662809874986, -0.9212550316167367, -0.04345317184925079], [0.2686117803493123, -0.8812798562882371, -0.38883611761017844, 0.7651862502098083], [0.0, 0.0, 0.0, 1.0]]","[[-0.9586628303517895, -0.2835287329246605, -0.024014888195919924, 0.11510576923433374], [-0.08379337156245308, 0.3619577494350433, -0.9284211691506922, -0.041077239594684054], [0.27192578395746053, -0.8880300419285506, -0.37075363826953395, 0.7556857413095329], [0.0, 0.0, 0.0, 1.0]]",,0.11992513020833333,0.092109375,0.020616183808696828,4.8057664258082395,nan,1818.2673201794769,5,0.043432991224155885
000052:natural,000052,1,5,0,ok,global,1.0,8.084726840999792,0.07279622395833334,0.61171875,0.728125,0.9972373829256789,,,0.023434839893443544,1.5826011911115379,0.023313237531917875,"[[0.5846179980627971, 0.7930558619540016, 0.17112625795430644, 0.06888826191425323], [0.5798497560776663, -0.2609050790568988, -0.7718178542240295, 0.08111738413572311], [-0.5674469637928461, 0.5504461277388637, -0.612383053112651, 0.9155066609382629], [0.0, 0.0, 0.0, 1.0]]","[[0.5848645966432628, 0.7893014503248739, 0.1869175694628645, 0.06894563664137553], [0.5736406113918766, -0.2395687173806348, -0.7832898705777952, 0.08243349448540917], [-0.5734714445482674, 0.5653412746312647, -0.5928909389947179, 0.8922306731846195], [0.0, 0.0, 0.0, 1.0]]",,0.07279622395833334,0.048177083333333336,nan,nan,nan,2239.6388081650857,3,0.17184072040034987
000052:natural,000052,21,5,1,ok,local,1.0,0.14621011899726,0.07522135416666667,0.59453125,0.7395833333333334,0.998216880200766,0.013583616633520543,1.4057109154782281,0.02199584910080102,1.573154719399178,0.021841848912355515,"[[0.5917206852464781, 0.7837117843257494, 0.1888450946156353, 0.05855598300695419], [0.5771837876874667, -0.2483330857478471, -0.7779392995303052, 0.08609728515148163], [-0.562783711457774, 0.5693211023946877, -0.5992895598005274, 0.9082293510437012], [0.0, 0.0, 0.0, 1.0]]","[[0.5888099421052905, 0.7827904374651089, 0.20135471091405144, 0.05959743946349814], [0.5700486303576849, -0.22556746995369767, -0.7900406078642924, 0.08634718653972853], [-0.5730162567283836, 0.5799646227172781, -0.5790449086177896, 0.886413776752488], [0.0, 0.0, 0.0, 1.0]]",,0.07522135416666667,0.04920247395833333,0.011685121311936003,1.2314312205630678,nan,2223.0294162854534,3,0.1749401661269886
000052:natural,000052,34,5,2,ok,local,1.0,0.14774053200380877,0.07349283854166666,0.61015625,0.7302083333333333,0.9994651691402594,0.010530556603626178,2.434839448631183,0.014816411443031315,2.059722548897912,0.014750275905690674,"[[0.5681101913999831, 0.8068066042928262, 0.16221563949556742, 0.06718991696834564], [0.5749966372883896, -0.2481321919174094, -0.7796212429387147, 0.08287780731916428], [-0.5887526454586169, 0.5361842207709426, -0.6048775114531355, 0.9031320214271545], [0.0, 0.0, 0.0, 1.0]]","[[0.5815428925554679, 0.7924400580081502, 0.18397682155245568, 0.06785289837523144], [0.5662279144160225, -0.23190295466634855, -0.7909534145668645, 0.08273174178856757], [-0.584117525560808, 0.5641459191767185, -0.5835642328615259, 0.8883973765448069], [0.0, 0.0, 0.0, 1.0]]",,0.07349283854166666,0.048665364583333336,0.00922814774091213,1.2110205634536402,nan,2134.876664301031,3,0.17437920830295492
000052:natural,000052,39,5,3,ok,local,1.0,0.14384779200190678,0.0724609375,0.621875,0.7354166666666667,0.9986531986531987,0.008512763523563846,0.24164671579891417,0.019690677218027926,1.4600100192465049,0.019598853099006944,"[[0.5691563164685391, 0.8068594883478546, 0.15823670082191169, 0.07397770881652832], [0.5723514213934491, -0.25061426415239607, -0.7807729125887063, 0.08546490967273712], [-0.5903176584288015, 0.5349488355594316, -0.6044458664601363, 0.907570481300354], [0.0, 0.0, 0.0, 1.0]]","[[0.5712457826755463, 0.8021517016028865, 0.17387069620470372, 0.07349915119302447], [0.5665062494534171, -0.23204168039404788, -0.7907133018603331, 0.08497789212687742], [-0.5939269321084463, 0.5501901910718671, -0.5869770038789685, 0.8879835254544992], [0.0, 0.0, 0.0, 1.0]]",,0.0724609375,0.04827473958333333,0.0060907006944746584,0.9942234052703114,nan,2097.905774658348,3,0.17255708349398108
000052:natural,000052,48,5,4,ok,local,1.0,0.14576026600116165,0.06935546875,0.628125,0.790625,0.9645065877924173,0.02665474135624704,1.9788814861755089,0.021771902292004482,2.166241772942505,0.021636597051081567,"[[0.5467353966764789, 0.8238408253835398, 0.1495550081153451, 0.07772326469421387], [0.567068404202937, -0.23290868167296455, -0.7900550429913707, 0.11181103438138962], [-0.6160469389387044, 0.5167589771186658, -0.5945135226313379, 0.9060447812080383], [0.0, 0.0, 0.0, 1.0]]","[[0.5576431117437061, 0.8130644608201735, 0.16721643233064362, 0.07648269120447124], [0.5517855764744405, -0.21259213757761689, -0.8064350681804316, 0.11122574255685341], [-0.6201339565656111, 0.541970744863273, -0.5671882012903734, 0.884451709568099], [0.0, 0.0, 0.0, 1.0]]",,0.07349609375,0.04670572916666667,0.026651920881049514,1.9572464676899384,nan,2028.279328006018,3,0.17575193437663622
000052:natural,000052,52,5,5,ok,local,1.0,0.1485308260016609,0.07273763020833333,0.60859375,0.7864583333333334,0.9729082074152966,0.01627701768376612,1.6592694178253324,0.020254458138808582,3.067034123313996,0.01990076820445852,"[[0.5342218268532449, 0.8274102568968458, 0.17320307877019522, 0.06552977114915848], [0.5878589501814738, -0.21638298787539673, -0.7794871758083327, 0.10496208816766739], [-0.6074774846898581, 0.5182380431230504, -0.6019970400715222, 0.8977169990539551], [0.0, 0.0, 0.0, 1.0]]","[[0.5378347932597987, 0.8202012750705098, 0.1949484110038275, 0.0656609895807007], [0.565465832842753, -0.1794579015472261, -0.8050118268125461, 0.10725972266434532], [-0.6252851932453691, 0.5431992103200471, -0.5603153565327748, 0.8779497475360913], [0.0, 0.0, 0.0, 1.0]]",,0.075576171875,0.047578125,0.013233066541333402,2.054089310536068,nan,1659.1443102727671,3,0.17657591087364294
000052:natural,000052,57,5,6,ok,local,1.0,0.15135773299698485,0.07698567708333333,0.61875,0.7572916666666667,0.9973386560212908,0.015359341182551962,0.7921643220324311,0.020578152119541483,2.525613800486043,0.020258173935131178,"[[0.5237521255723708, 0.8326516257875066, 0.17993048944479983, 0.07148144394159317], [0.5962970437966836, -0.20750462788518798, -0.7754815697136618, 0.09103590995073318], [-0.6083695805328854, 0.5134521394245538, -0.6051886928905641, 0.8951579928398132], [0.0, 0.0, 0.0, 1.0]]","[[0.5178641817384542, 0.8323940552681378, 0.19732594912966922, 0.07112433613704051], [0.5804090115805286, -0.17243041861909142, -0.7958602713047653, 0.09228566787478214], [-0.6284431865392208, 0.526677605079184, -0.5724245064822547, 0.8749415591698201], [0.0, 0.0, 0.0, 1.0]]",,0.07698567708333333,0.04879557291666667,0.01622096389498725,1.4807376488292314,nan,1810.4485776815302,3,0.17359284587059443
000052:natural,000052,61,5,7,ok,local,1.0,0.15156968700466678,0.07734375,0.625,0.7458333333333333,0.99721059972106,0.00677091665703004,1.5286085910652738,0.018478718976429723,3.5151737802766423,0.017980003620401846,"[[0.5088449723578321, 0.8430586287405331, 0.17415206749358436, 0.07335986196994781], [0.6111024197595318, -0.21126235602489185, -0.7628381541918688, 0.08832334727048874], [-0.6063255121386558, 0.49459110933471545, -0.6226949557342288, 0.8892453908920288], [0.0, 0.0, 0.0, 1.0]]","[[0.5091667941824574, 0.8392738472324307, 0.19070946773519076, 0.0739417038981906], [0.5805969339682705, -0.17136865567817203, -0.7959518115752047, 0.08724764021118003], [-0.6353389780365722, 0.5159980943831963, -0.5745350415346934, 0.8713070285229954], [0.0, 0.0, 0.0, 1.0]]",,0.07734375,0.048876953125,0.006821224000389968,0.7380994430685646,nan,1891.9733769506797,3,0.174759964080956
000052:natural,000052,65,5,8,ok,local,1.0,0.14815928699681535,0.07558268229166666,0.61484375,0.746875,0.9971836652584993,0.006704234710058989,1.2155651247374795,0.016375677136198634,3.2506544626239053,0.015967764347756305,"[[0.5058872433879863, 0.8481092734849445, 0.15744445752755334, 0.06734392791986465], [0.5988765350789415, -0.21395732034238849, -0.7717312749939235, 0.08643004298210144], [-0.6208260567253507, 0.4846987985344574, -0.6161510220636724, 0.8869714736938477], [0.0, 0.0, 0.0, 1.0]]","[[0.5114314071784539, 0.8402939949473971, 0.1798479942554427, 0.06811648419625495], [0.5730863638977122, -0.1775705327705946, -0.8000261330843917, 0.0879060828983992], [-0.6403197819571773, 0.5122264783445357, -0.5723755476966103, 0.871090857798021], [0.0, 0.0, 0.0, 1.0]]",,0.07558268229166666,0.048408203125,0.005866298759056486,0.6739296042616993,nan,1941.4201777140058,3,0.17532385687276802
000052:natural,000052,71,5,9,ok,local,1.0,0.15462409899919294,0.074169921875,0.61328125,0.7239583333333334,0.9971519631111413,0.011018273855505106,0.5933209214082651,0.009535084536794415,2.841275640367431,0.009089879961776267,"[[0.49742529804668956, 0.8535213076207441, 0.1551433218045129, 0.06523960828781128], [0.6004695464842973, -0.2096841252045961, -0.7716663083108691, 0.07806435972452164], [-0.6261025448024505, 0.47700518348814575, -0.6168157409772682, 0.8801165819168091], [0.0, 0.0, 0.0, 1.0]]","[[0.5060859454860984, 0.8457499091349422, 0.16907104114545385, 0.06740442230261683], [0.5733166803203319, -0.18343291057918645, -0.7985365156942352, 0.07925961221032603], [-0.6443480447340677, 0.5010588187335793, -0.5777156465058324, 0.871369532728884], [0.0, 0.0, 0.0, 1.0]]",,0.074169921875,0.047867838541666666,0.008680215850839858,0.7878176731265172,nan,1847.1392996089276,3,0.17426160337552743
000052:natural,000052,80,5,10,ok,local,1.0,0.16408506999869132,0.074140625,0.578125,0.7510416666666667,0.9948467588825604,0.02014506066402655,1.248599623406349,0.011321670141904166,3.0860182919190886,0.010930783401754218,"[[0.49643593540441794, 0.851879641832092, 0.16689049664725406, 0.04715144261717796], [0.5936362624328653, -0.19288514408947952, -0.781275437419044, 0.08689024299383163], [-0.6333619423077759, 0.48692545324885966, -0.6014617635515275, 0.8792531490325928], [0.0, 0.0, 0.0, 1.0]]","[[0.5141466660204582, 0.8399214713327262, 0.17373900273226114, 0.04871223968185039], [0.5586771092367134, -0.17425624620248428, -0.8108727588916406, 0.08924399891216514], [-0.6507939832200271, 0.5139711541292891, -0.5588388875263924, 0.8686935197125889], [0.0, 0.0, 0.0, 1.0]]",,0.074140625,0.047760416666666666,0.02135993245783621,1.3649874143196097,nan,1737.7140503117243,3,0.17524644030668127
000052:natural,000052,81,5,11,ok,local,1.0,0.165213701002358,0.074140625,0.5765625,0.7489583333333333,0.9953923295839545,0.006232752469684686,2.367703748157848,0.017125407044272768,1.5615600179068845,0.017159222356167667,"[[0.49477190062167486, 0.8539171224227384, 0.16132673178517304, 0.045563340187072754], [0.5656886232897277, -0.17554770969069083, -0.8057166891053732, 0.08696036785840988], [-0.6596947383720648, 0.4899066744346545, -0.5699072753602897, 0.8852797746658325], [0.0, 0.0, 0.0, 1.0]]","[[0.5119930089251546, 0.8409244688547662, 0.17524163232834156, 0.047966096698793134], [0.5593249754130705, -0.17153571433642845, -0.8110064578030287, 0.08841115810341245], [-0.6519344080692826, 0.5132462565179143, -0.5581752720788269, 0.8683516654778932], [0.0, 0.0, 0.0, 1.0]]",,0.074140625,0.04781901041666667,0.0011692807539974272,0.16797275992260013,nan,1682.1412332005498,3,0.17454545454545456
000052:natural,000052,84,5,12,ok,local,1.0,0.1679722509943531,0.07447916666666667,0.5703125,0.7354166666666667,0.9906339079679652,0.007371417848448617,1.022895956804034,0.01667939822679764,1.9620036756753378,0.016517930799376628,"[[0.4996983554292863, 0.8511569960416961, 0.1607274764019643, 0.043320491909980774], [0.5748705348446612, -0.18707582672546555, -0.7965717188190893, 0.08012891560792923], [-0.6479393657964309, 0.49044306819880795, -0.582786560506554, 0.8836553692817688], [0.0, 0.0, 0.0, 1.0]]","[[0.5068466069471186, 0.843249749315175, 0.17898818444589604, 0.04432883112980081], [0.5619727618273264, -0.16577163115165613, -0.810374826680405, 0.08301349035122739], [-0.6536755556804934, 0.5113223465114538, -0.5579042564049008, 0.8674225470237296], [0.0, 0.0, 0.0, 1.0]]",,0.07447916666666667,0.047513020833333336,0.006574783576987386,0.38839111486143024,nan,1802.9343166249341,3,0.17670682730923695
000052:natural,000052,88,5,13,ok,local,1.0,0.1679392470032326,0.07447916666666667,0.56875,0.7208333333333333,0.9947906095663351,0.005627698988106455,0.7398465379760966,0.012955076417970314,2.0500057985471494,0.012894649245888998,"[[0.4952981080619048, 0.8547745228838571, 0.15504934433583545, 0.04172797501087189], [0.5676009374727423, -0.18330336935209565, -0.8026388045467486, 0.076100192964077], [-0.6576541339719245, 0.4855516345486277, -0.5759606325581585, 0.8800631165504456], [0.0, 0.0, 0.0, 1.0]]","[[0.5111770980478896, 0.8407747526171401, 0.17831697410910632, 0.04364619681365872], [0.5601220227207319, -0.16852527042009266, -0.8110874647629356, 0.07758660673599006], [-0.6518901129091509, 0.5144888391224205, -0.5570827351034672, 0.8673988764078833], [0.0, 0.0, 0.0, 1.0]]",,0.07447916666666667,0.047864583333333335,0.0054696997797832264,0.280090542596361,nan,1913.198257277466,3,0.17789492870462545
000052:natural,000052,92,5,14,ok,local,1.0,0.16727534999517957,0.07515625,0.5484375,0.7333333333333333,0.9964909912949592,0.015413344678083273,1.0948669938462707,0.01097698064980988,1.954603094079269,0.010956926307277277,"[[0.5002232369637035, 0.850862724140938, 0.16065284892903908, 0.029574275016784668], [0.556799451396069, -0.17398621521907678, -0.8122211323517615, 0.08471633493900299], [-0.6631373041283315, 0.4957433021042273, -0.5607918457789891, 0.8761107921600342], [0.0, 0.0, 0.0, 1.0]]","[[0.5178008095888917, 0.8359595595888035, 0.18180960148226988, 0.03291921493183458], [0.5503740739239863, -0.16281029097842567, -0.8188901864201196, 0.08232402385501901], [-0.6549578570364073, 0.5240852773466892, -0.5443942880954911, 0.8659548845814247], [0.0, 0.0, 0.0, 1.0]]",,0.07515625,0.048069661458333336,0.011815090928449568,0.9301900266952038,nan,1673.1800329319462,3,0.18081123901125865
000052:natural,000052,97,5,15,ok,local,1.0,0.16275252399645979,0.074375,0.5265625,0.7583333333333333,0.9923433407213379,0.011283693965665845,1.7559002459334119,0.01232041335990005,2.801765755469479,0.012074956458153,"[[0.5193927421243338, 0.8432751752713444, 0.13826842806530085, 0.0197488684207201], [0.5390235567432512, -0.19775029238926753, -0.8187480852715419, 0.0900052934885025], [-0.6630873130323187, 0.49978175299929095, -0.557255250907998, 0.8744344711303711], [0.0, 0.0, 0.0, 1.0]]","[[0.5334640766473473, 0.8285908761649003, 0.16986606635692167, 0.021244042955698192], [0.5266630459268493, -0.1682548789132523, -0.8332566961273359, 0.09209595763942624], [-0.6618477441446626, 0.5339741513922297, -0.5261461753372413, 0.862636244569388], [0.0, 0.0, 0.0, 1.0]]",,0.074375,0.048095703125,0.015582480614096407,1.678089238277159,nan,1960.6304771832645,3,0.1827956989247312
000052:natural,000052,98,5,16,ok,local,1.0,0.16987741999764694,0.073974609375,0.52421875,0.7572916666666667,0.9949065076067287,0.005840788315627475,0.8091544283849348,0.00958499973184818,2.0520327786936474,0.009398980876797114,"[[0.5283246264202612, 0.8367746516211648, 0.14380984501128619, 0.01611548662185669], [0.5337048271124198, -0.19557294270979952, -0.8227456360241194, 0.09210947155952454], [-0.6603273783774185, 0.5114287892601552, -0.5499166726705956, 0.8703742027282715], [0.0, 0.0, 0.0, 1.0]]","[[0.5365861273164955, 0.8275173035896377, 0.1651993598775845, 0.02019655033783825], [0.5227753314927293, -0.17231532816160805, -0.8348731751217434, 0.09133102238243122], [-0.6624053252908215, 0.5343441403194399, -0.5250676145729284, 0.8619433203695157], [0.0, 0.0, 0.0, 1.0]]",,0.073974609375,0.048323567708333334,0.0014705477478252128,0.3279955675990323,nan,1690.2064193909976,3,0.18192861930294907
000052:natural,000052,114,5,17,ok,local,1.0,0.17196302500087768,0.07194010416666667,0.4734375,0.7697916666666667,0.9789410348977136,0.02710496651716572,1.918746696263118,0.008150660006829574,3.6469423627361848,0.007302419526313784,"[[0.5442747502610438, 0.8227933057933371, 0.16363426343511048, -0.010223789140582085], [0.5471104334238633, -0.20027495614545734, -0.8127484946646705, 0.09649568051099777], [-0.6359521757703418, 0.5318844967496306, -0.5591634038904559, 0.8657177090644836], [0.0, 0.0, 0.0, 1.0]]","[[0.553407951945119, 0.8143379411292182, 0.1749094175405233, -0.006174839114411671], [0.5089728428206016, -0.16440694145420406, -0.8449363346787548, 0.09850778961754539], [-0.6593064024285417, 0.5566185331776404, -0.5054607511417261, 0.859983360664952], [0.0, 0.0, 0.0, 1.0]]",,0.07389322916666667,0.047666015625,0.0274006863350676,1.7164066103183544,nan,1615.9209085189725,3,0.18608585324592938
000052:natural,000052,116,5,18,ok,local,1.0,0.18316432999563403,0.07259114583333333,0.4609375,0.7677083333333333,0.9847908745247148,0.008416095220446809,2.6430763226828575,0.01343565651599404,2.043479858853565,0.013245936888544366,"[[0.5628256719970354, 0.812918128622489, 0.1496374922871791, -0.01569610834121704], [0.5093513355259867, -0.19851601729962245, -0.8373485581723955, 0.09628722816705704], [-0.6509903839066893, 0.5474993214903614, -0.5257908453259855, 0.8721083998680115], [0.0, 0.0, 0.0, 1.0]]","[[0.5614650027582679, 0.8089508690990428, 0.17422905471308617, -0.012725561688494902], [0.5043164049945572, -0.167582958538521, -0.8471019333362184, 0.09663970786954117], [-0.6560647233908563, 0.5634845843758286, -0.5020593218539274, 0.8592046618553797], [0.0, 0.0, 0.0, 1.0]]",,0.07389322916666667,0.048056640625,0.006856242957761882,0.572499041155218,nan,1899.4389390439935,3,0.18590998043052837
000052:natural,000052,121,5,19,ok,local,1.0,0.17289593500026967,0.0719921875,0.45703125,0.75625,0.9944589091394619,0.010638081943855926,2.698290522498032,0.01524391210749117,3.122400322531825,0.014750010443534281,"[[0.5951411638856018, 0.7907481780375065, 0.14326309357003725, -0.019740557298064232], [0.5100647458408224, -0.233929887812607, -0.8277141793145255, 0.087081678211689], [-0.6209999598222447, 0.5656802334520337, -0.5425540741552166, 0.8755824565887451], [0.0, 0.0, 0.0, 1.0]]","[[0.5823708309937118, 0.7973972967718701, 0.15812265611494616, -0.014993176056086948], [0.48998980991561225, -0.18911395114932916, -0.8509678133201972, 0.09078599922805405], [-0.6486548984814998, 0.5730568014718038, -0.5008511252538218, 0.8621175694657348], [0.0, 0.0, 0.0, 1.0]]",,0.0719921875,0.048489583333333336,0.006920477622678622,1.6511913368176527,nan,1585.5043482950505,3,0.18359451109193642
000052:natural,000052,127,5,20,ok,local,1.0,0.1668225329995039,0.07007161458333333,0.4375,0.715625,0.9963188541596948,0.021290137768260074,2.346689400663808,0.020451096202944434,1.4983829015690118,0.020352532265207467,"[[0.616526758061256, 0.7772191617635078, 0.12579797765507442, -0.031107759103178978], [0.47598386661358566, -0.24066074595698775, -0.8458851955667543, 0.07185050845146179], [-0.627163547504203, 0.5813886651312136, -0.5183175713198298, 0.8851776719093323], [0.0, 0.0, 0.0, 1.0]]","[[0.610434849855738, 0.7784168917000224, 0.14641125552589138, -0.025474792635178035], [0.47932043041164824, -0.21588120670667624, -0.8506748006395705, 0.0759242887388181], [-0.6305719497864741, 0.5894595838226605, -0.504893047452609, 0.8660491703332277], [0.0, 0.0, 0.0, 1.0]]",,0.07007161458333333,0.04845703125,0.01860624116145478,2.115629941200505,nan,1647.1958925798606,3,0.1843963681201659
000052:natural,000052,132,5,21,ok,local,1.0,0.1705915230049868,0.066796875,0.425,0.69375,0.9956290767265147,0.008927168523886983,1.3878505140180875,0.018727643142313,1.2452599595656262,0.01864256136432785,"[[0.6349208209808245, 0.7627912145477066, 0.12257697211903147, -0.03828451409935951], [0.4699824365458112, -0.2554237017102805, -0.8449113811182085, 0.0691467896103859], [-0.6131819146252583, 0.5940608517765263, -0.5206722999767226, 0.8897469639778137], [0.0, 0.0, 0.0, 1.0]]","[[0.637914118564015, 0.7589911955505253, 0.13037442865456425, -0.03232562053288975], [0.4605982524489672, -0.2403517795925504, -0.8544474192328338, 0.06815823345897401], [-0.6171816790605775, 0.605114580789098, -0.5029141671507685, 0.8721100867479377], [0.0, 0.0, 0.0, 1.0]]",,0.066796875,0.04819661458333333,0.011999173524862452,2.136846830950109,nan,1626.2236111701598,3,0.18272425249169436
000052:natural,000052,136,5,22,ok,local,1.0,0.1853574109991314,0.06576497395833333,0.40859375,0.6885416666666667,0.9965524234435206,0.01426148665431327,1.5802159044120934,0.023086863163930937,1.2110178398475204,0.023081187982395196,"[[0.6540639008896305, 0.7479023089003664, 0.11332497471669636, -0.04547254741191864], [0.4510520537310184, -0.2653392243257418, -0.8521426763513503, 0.06661136448383331], [-0.6072499142676504, 0.6084712255938762, -0.5108916805412053, 0.9018007516860962], [0.0, 0.0, 0.0, 1.0]]","[[0.6600354106944448, 0.740406202480797, 0.1270900080057984, -0.04170383078695023], [0.44795795697103596, -0.25209612269460635, -0.8577774293307202, 0.06678205771410624], [-0.6030638991006646, 0.6230939842572756, -0.4980636949284308, 0.8790299616800272], [0.0, 0.0, 0.0, 1.0]]",,0.06576497395833333,0.04798828125,0.011735815111268968,1.6708663297581565,nan,2090.791513881997,3,0.1847160196954082
000052:natural,000052,143,5,23,ok,local,1.0,0.17861576499853982,0.06547526041666667,0.39140625,0.6645833333333333,0.9941781749255348,0.013340900011632744,1.718259305469185,0.023433762651299348,1.5305934660886467,0.023359630100865943,"[[0.6741465829375931, 0.7300084708001843, 0.11231214214652896, -0.05359046906232834], [0.4490997773664179, -0.28442189488138403, -0.8470027011063869, 0.056903205811977386], [-0.5863751143107954, 0.6214433347233336, -0.519588690258883, 0.906023383140564], [0.0, 0.0, 0.0, 1.0]]","[[0.6762767509793419, 0.7251910374383004, 0.12941623069476577, -0.05043068586830317], [0.44575298981464023, -0.2629889397563813, -0.855652754735089, 0.057844603243715625], [-0.5864759181164216, 0.6363460459436698, -0.5011091889577144, 0.8828975997053686], [0.0, 0.0, 0.0, 1.0]]",,0.06547526041666667,0.04780598958333333,0.013076494787071477,1.3352711524897265,nan,2171.9278841266423,3,0.18646500014350084
000052:natural,000052,150,5,24,ok,local,1.0,0.17811194300156785,0.064453125,0.425,0.6385416666666667,0.9984315330060011,0.022602651764800325,0.6862119901228275,0.022750553632513798,1.335161322826676,0.022673019459231038,"[[0.666134661051337, 0.7377149242203321, 0.10973287533191448, -0.03418262302875519], [0.45367025969346153, -0.2840035507926004, -0.8447042551135052, 0.04655861482024193], [-0.5919864093167058, 0.6124693247173973, -0.5238639302953856, 0.9112392067909241], [0.0, 0.0, 0.0, 1.0]]","[[0.6717813698857488, 0.7313020958517159, 0.11792659202316357, -0.03329671336297658], [0.4435520253494427, -0.26962184464999583, -0.8547314042228551, 0.04789824153222724], [-0.5932705628866642, 0.6264997251439272, -0.505497859483298, 0.8886231422408021], [0.0, 0.0, 0.0, 1.0]]",,0.064453125,0.047659505208333335,0.020622438324167863,0.8101066460547797,nan,2044.885844307515,3,0.1873432487605716
000052:natural,000052,156,5,25,ok,local,1.0,0.17651295799441868,0.06547526041666667,0.43359375,0.61875,0.9970137097868875,0.009784023191557238,0.5067642977340879,0.02370513351925608,1.524287053410951,0.023655106385443686,"[[0.6709481380003458, 0.7342524596675101, 0.10345009224780911, -0.030847711488604546], [0.449124595021442, -0.29140390465782445, -0.8446128476982806, 0.037897590547800064], [-0.5900133000710189, 0.6131533982800593, -0.525287745827866, 0.9143363237380981], [0.0, 0.0, 0.0, 1.0]]","[[0.6769550945816835, 0.7262692673042738, 0.11943661542972493, -0.028567146127743363], [0.4438871484994537, -0.2734112075671149, -0.8533527000528378, 0.040161018221847554], [-0.5871081399361316, 0.6306976774456238, -0.5074692423294638, 0.8909004543301616], [0.0, 0.0, 0.0, 1.0]]",,0.06547526041666667,0.04781901041666667,0.009349843909906601,0.4606728258490983,nan,2032.8633278530333,3,0.19228635660272692
000052:natural,000052,164,5,26,ok,local,1.0,0.17403423599898815,0.064453125,0.4421875,0.590625,0.9970782088740912,0.010790790053320147,0.7106654567674604,0.02267818679565446,1.5773469215666371,0.022608275826412578,"[[0.676689614336359, 0.7299101583102977, 0.09655219647810341, -0.0262127872556448], [0.44693790409368767, -0.3030125188347796, -0.8416827925731549, 0.028328794986009598], [-0.5850962961202643, 0.612710840629443, -0.5312699408412916, 0.916179358959198], [0.0, 0.0, 0.0, 1.0]]","[[0.6824470573079663, 0.7225137954909262, 0.11063658957795756, -0.023762040737811425], [0.4391259733614591, -0.2842692224485817, -0.8522672199689882, 0.029280461186828647], [-0.5843236610304181, 0.6302112235368016, -0.5112735424755733, 0.8937244639741241], [0.0, 0.0, 0.0, 1.0]]",,0.064453125,0.047766927083333334,0.012224998555003813,0.6816366879979662,nan,2270.2166049017583,3,0.19273283160865476
000052:natural,000052,165,5,27,ok,local,1.0,0.17661385700193932,0.065185546875,0.44453125,0.5885416666666666,0.9974877783813145,0.002162870024037437,0.3343616081640943,0.024012134902270586,1.505063596622255,0.02395290857548354,"[[0.675790852287315, 0.7299575170532873, 0.10231689626930929, -0.025275351479649544], [0.45043227485627413, -0.2990953386288833, -0.841220984152366, 0.027496207505464554], [-0.5834530741478583, 0.6145762781851197, -0.5309223187619259, 0.9179417490959167], [0.0, 0.0, 0.0, 1.0]]","[[0.6840601198023191, 0.7207893975172487, 0.11191472949848635, -0.0227595119815758], [0.4393282891736538, -0.2846481355031772, -0.8520367589829184, 0.028663254201843763], [-0.5822823878341069, 0.6320111669812729, -0.5113794156663587, 0.8941499357380855], [0.0, 0.0, 0.0, 1.0]]",,0.065185546875,0.047822265625,0.0012518125224337537,0.14263526537230833,nan,2226.869990273959,3,0.1947054677864568
000052:natural,000052,167,5,28,ok,local,1.0,0.18420096900081262,0.064453125,0.4484375,0.584375,0.998576464208243,0.0034376885095748935,0.1668461050881576,0.021274257909283507,1.5850763540607027,0.02121148045384504,"[[0.6760460921813003, 0.7300960901434064, 0.09960612633620104, -0.023290300741791725], [0.4494390214107265, -0.3014414631507669, -0.8409147461704385, 0.02584226056933403], [-0.5839231518614079, 0.6132640079532102, -0.5319219954743394, 0.9156742095947266], [0.0, 0.0, 0.0, 1.0]]","[[0.684118203333783, 0.720821174722675, 0.11135221731001294, -0.020833274199703215], [0.43917637370662543, -0.2852089675960809, -0.8519276773827492, 0.026769287894182026], [-0.5823281947068615, 0.6317218642483602, -0.5116852388239518, 0.8946259188338522], [0.0, 0.0, 0.0, 1.0]]",,0.064453125,0.04795247395833333,0.002743002055108032,0.0,nan,2352.8161657818696,3,0.19273283160865476
000052:natural,000052,169,5,29,ok,local,1.0,0.18420722300652415,0.064453125,0.4515625,0.5802083333333333,0.9974223307556641,0.003100586470045379,0.386763272427128,0.02181023730089342,1.7479399945196687,0.021778506483034355,"[[0.671130367672539, 0.7344154841995857, 0.10108375811974755, -0.0214416291564703], [0.45308101128166506, -0.29841714168476585, -0.8400385745694531, 0.023839207366108894], [-0.5867722103199047, 0.6095745287629594, -0.5330265163007469, 0.9171519875526428], [0.0, 0.0, 0.0, 1.0]]","[[0.6850216025334102, 0.7201534993670762, 0.11011375687577829, -0.01917422057496547], [0.4387917018008584, -0.2871957284971468, -0.8514576633245845, 0.025257126799324132], [-0.5815551490109498, 0.6315839509745675, -0.5127333950693265, 0.8955382949612091], [0.0, 0.0, 0.0, 1.0]]",,0.064453125,0.047864583333333335,0.002423122015980198,0.10555213834408607,nan,2283.6209791330775,3,0.1933467028429869
000052:natural,000052,170,5,30,ok,local,1.0,0.1850776660066913,0.064453125,0.4546875,0.5739583333333333,0.992740841248304,0.0029508073826940767,0.42481023352770453,0.021517994030564747,1.7330470425262137,0.021439712305334157,"[[0.6756716052866965, 0.7307382576615251, 0.09741396511330609, -0.019768116995692253], [0.4504653445334622, -0.30464524719103464, -0.8392092985294325, 0.021418223157525063], [-0.5835656391389462, 0.6109115092660408, -0.5350124042138094, 0.9173651933670044], [0.0, 0.0, 0.0, 1.0]]","[[0.6857772061155312, 0.7199453886366536, 0.1067207799087841, -0.017566652808994235], [0.4361795707764318, -0.28916418534943505, -0.8521339867362825, 0.022996492094650513], [-0.5826288584112725, 0.6309233336925454, -0.5123277442675392, 0.8960972859397964], [0.0, 0.0, 0.0, 1.0]]",,0.064453125,0.047633463541666664,0.0028297021582326613,0.19059754114235108,nan,2241.464644965763,3,0.19225669583664812
000052:natural,000052,171,5,31,ok,local,1.0,0.18406098099512747,0.064453125,0.45625,0.571875,0.9958059933707637,0.0015493161297729379,0.3643099549324442,0.02039879463398361,1.9209442405754664,0.020288205218189505,"[[0.6796988653717726, 0.7272498664545571, 0.09548342345220574, -0.01915408857166767], [0.4490918890432596, -0.309691086389687, -0.8380977903600101, 0.02043141983449459], [-0.5799361409740571, 0.6125349481887568, -0.5370986963673571, 0.916340708732605], [0.0, 0.0, 0.0, 1.0]]","[[0.6883606628340674, 0.7173419086172615, 0.10761022348726389, -0.016841399320358115], [0.43500207636178834, -0.2895253460673729, -0.8526127049082798, 0.02211979667053228], [-0.5804589138011262, 0.6337158697488233, -0.5113435060203521, 0.8962555867996472], [0.0, 0.0, 0.0, 1.0]]",,0.064453125,0.047919921875,0.0011487587438963045,0.2093460146301993,nan,2322.2017509509437,3,0.19317129119061274
000052:natural,000052,173,5,32,ok,local,1.0,0.18138963299861643,0.064453125,0.4578125,0.5697916666666667,0.9965573106520859,0.001521505728417235,0.38673650709013957,0.018798398100790682,1.7207159956646474,0.01871515641868476,"[[0.682250476873083, 0.7248562907602885, 0.09548635793499537, -0.017933612689375877], [0.44446497957247905, -0.3075062029703327, -0.8413624766225353, 0.020281653851270676], [-0.5805042366254427, 0.6164602930278703, -0.5319694900836943, 0.9154446125030518], [0.0, 0.0, 0.0, 1.0]]","[[0.6908636353693461, 0.715039298132451, 0.10689895086622683, -0.01573427197550616], [0.4322691843696552, -0.2900054971153306, -0.8538387098018856, 0.021291658205913958], [-0.579525685981594, 0.6360952054709046, -0.5094438026766592, 0.8968865988323015], [0.0, 0.0, 0.0, 1.0]]",,0.064453125,0.048056640625,0.0015197764505524443,0.21931526663339831,nan,2348.9450743527486,3,0.19193307616133848
000052:natural,000052,175,5,33,ok,local,1.0,0.17985911999858217,0.06473958333333334,0.459375,0.5729166666666666,0.9964919382041422,0.005038160230081299,0.40842540020263046,0.023184217508081886,1.4887167081745392,0.023137009731851704,"[[0.6841711216928031, 0.723243937591485, 0.09395787874774245, -0.0171322301030159], [0.43889028533127206, -0.3053977379567026, -0.8450488382885116, 0.021119412034749985], [-0.5824819256281227, 0.6193952117897692, -0.5263690510739217, 0.9203475713729858], [0.0, 0.0, 0.0, 1.0]]","[[0.6918868094067722, 0.7142109633588526, 0.10581116511776163, -0.014821643318215796], [0.4301191322309749, -0.29001855560551204, -0.8549197194711231, 0.02229528359990037], [-0.579904665243123, 0.6370191537298536, -0.5078561689636755, 0.8973562744521077], [0.0, 0.0, 0.0, 1.0]]",,0.06473958333333334,0.048082682291666665,0.0014355313251205612,0.11639129434611069,nan,2352.163060594043,3,0.19088637365868
000052:natural,000052,259,5,34,ok,local,1.0,0.18792752800072776,0.07421875,0.45859375,0.6229166666666667,0.999253131104217,0.049168070047056166,6.731261079952842,0.01796662362355298,1.8502882688865303,0.017970703342355537,"[[0.7522167743267356, 0.6539575961591628, 0.08068077123583613, -0.01663484424352646], [0.3590916639047535, -0.3041894303702399, -0.8823389186503923, 0.03988616541028023], [-0.5524700003942242, 0.6926819276383334, -0.4636471134253355, 0.8749046325683594], [0.0, 0.0, 0.0, 1.0]]","[[0.7649842112420032, 0.6369124164892528, 0.09561584591354641, -0.014428875882531715], [0.3514021893939872, -0.28834529863785163, -0.89071594975474, 0.0404942990755136], [-0.5397363286987151, 0.7149824786153139, -0.4443920162026579, 0.8570802095579377], [0.0, 0.0, 0.0, 1.0]]",,0.07421875,0.05661783854166667,0.04419864063406858,7.093748334031237,nan,2550.057454099144,3,0.17467717855365514
000052:natural,000052,388,5,35,ok,local,0.8758215308189392,0.18632356700254604,0.097880859375,0.57890625,0.7135416666666666,0.999096528768426,0.0003396687756967067,3.2010931842396926,0.09722326961181055,9.90381127188434,0.09659944418595327,"[[0.7304187082152589, 0.6793860683796764, 0.07016466903477728, -0.016384584829211235], [0.3885255826956805, -0.3288122973530605, -0.8607731087228412, 0.04009244218468666], [-0.5617262520838202, 0.6559855510611563, -0.5041295215704552, 0.8750056028366089], [0.0, 0.0, 0.0, 1.0]]","[[0.7588079856111029, 0.6344106297399548, 0.1474255044605797, 0.04649529701496016], [0.34230130790487484, -0.1958759309854351, -0.9189465954567848, 0.07060816815547896], [-0.5541117743817283, 0.7477678561778615, -0.3657921741905913, 0.8083245444708806], [0.0, 0.0, 0.0, 1.0]]",,0.097880859375,0.06839518229166666,0.08364038995778329,5.676523418259221,nan,2452.859552956584,3,0.20616172462211943
000052:natural,000052,516,5,36,ok,local,0.9999998807907104,0.1848803989996668,0.10234375,0.4921875,0.5395833333333333,0.9998667377398721,0.07145579207689391,13.760282672462681,0.014117581903466358,1.5100320162977778,0.014101046611907725,"[[0.8554406199502083, 0.5017051720790007, 0.1285039534348369, 0.0027937053237110376], [0.30957231273040076, -0.2964261395105584, -0.9034912987990623, 0.007360885385423899], [-0.4151943267073305, 0.8126644228241118, -0.40888899098165954, 0.8144517540931702], [0.0, 0.0, 0.0, 1.0]]","[[0.8654641936916746, 0.4842397849970627, 0.12838859972248712, 0.0038160990153508195], [0.295506091283124, -0.28651227472720875, -0.9113662415706376, 0.008542365591741638], [-0.4045340917912968, 0.8266945954786051, -0.3910619638613581, 0.8004375351990409], [0.0, 0.0, 0.0, 1.0]]",,0.10234375,0.073271484375,0.07573561054764638,11.037256958005068,nan,2578.197388252202,3,0.16333600641539694
000052:natural,000052,520,5,37,ok,local,0.9999998807907104,0.1974846829980379,0.102802734375,0.50078125,0.534375,0.9996898537882144,0.010084639306740943,0.9096920948522724,0.022841371864287658,1.2328834624747982,0.022743317065518406,"[[0.8631079860593375, 0.48910517702232154, 0.12578048421976107, 0.007805220317095518], [0.30431136536045955, -0.3049308708692497, -0.9024476477355202, 0.004647455643862486], [-0.4030374639075717, 0.8171862026496064, -0.41202853406781054, 0.8227717280387878], [0.0, 0.0, 0.0, 1.0]]","[[0.8661228406450716, 0.483567797368866, 0.12646779610151693, 0.007923569231164733], [0.29434434161171047, -0.288956686170711, -0.9109696381467124, 0.006717105319907798], [-0.40397104055239125, 0.8262367005411394, -0.3926075649004258, 0.8001230853665285], [0.0, 0.0, 0.0, 1.0]]",,0.102802734375,0.073447265625,0.004505748032336075,0.13299149647823794,nan,1685.9075128354095,3,0.1630901287553648
000052:natural,000052,524,5,38,ok,local,0.9999998807907104,0.1903523729997687,0.102802734375,0.52421875,0.5302083333333333,0.9996020516448532,0.013663600341270747,1.6331362822582747,0.01657441537883247,1.8158169200246148,0.016581962200391473,"[[0.8489771049239911, 0.5136411263819382, 0.12413971404821415, 0.020318739116191864], [0.3119250855201698, -0.2974878041705056, -0.902332392964503, 0.004263617563992739], [-0.42654497575063927, 0.8047818335790791, -0.41277788700823337, 0.8172982931137085], [0.0, 0.0, 0.0, 1.0]]","[[0.861501924013584, 0.4912402369352546, 0.128444133993042, 0.01945004166801687], [0.2988169381529846, -0.2859896389607758, -0.9104500987384043, 0.005433138756254394], [-0.41051505396819243, 0.8227358298125109, -0.3931716376515581, 0.8007804525968735], [0.0, 0.0, 0.0, 1.0]]",,0.102802734375,0.07359049479166667,0.011616379326176608,0.5204795455846376,nan,1942.593376029989,3,0.16562523526311826
000052:natural,000052,526,5,39,ok,local,0.9999998807907104,0.25473637099639745,0.1053515625,0.54375,0.5385416666666667,0.9989398825036442,0.009602215698045632,0.4363456716608101,0.012940444481982116,1.478733583355293,0.012917496791016584,"[[0.8461431895785505, 0.5170037504747685, 0.1294172504917949, 0.02869429998099804], [0.31614956430934177, -0.291418373539079, -0.9028426133888727, 0.007585993502289057], [-0.42905845256427155, 0.8048493359373899, -0.4100321825470447, 0.8139795064926147], [0.0, 0.0, 0.0, 1.0]]","[[0.8552554462059663, 0.5008566795607347, 0.13296825517859157, 0.029034035288282363], [0.3050960295707883, -0.27926858515902897, -0.9104534968626856, 0.007965874953985297], [-0.4188725421656123, 0.819238820829543, -0.3916555783525943, 0.8010720670350939], [0.0, 0.0, 0.0, 1.0]]",,0.1053515625,0.07361653645833334,0.009917294255045814,0.7227074888323083,nan,2251.808746228858,3,0.17075405594782514
000052:natural,000052,527,5,40,ok,local,1.0,0.20928172699495917,0.10575520833333334,0.546875,0.54375,0.9992953094032152,0.004907793925773109,0.4797195736528795,0.017338144398791958,1.2016919458394713,0.017306276774920245,"[[0.8478555009143203, 0.5128737854383236, 0.1345419257313152, 0.030300209298729897], [0.3165168260873231, -0.285984759937228, -0.9044500074007705, 0.009663224220275879], [-0.42539175870359064, 0.8094276973848933, -0.40480693464076906, 0.8181259036064148], [0.0, 0.0, 0.0, 1.0]]","[[0.8548691755272434, 0.5008807818013546, 0.13534307782532246, 0.030771955073280267], [0.3057818126187036, -0.27563828143078156, -0.9113293161581291, 0.010001947409364727], [-0.4191607025910492, 0.8204526240802096, -0.3887947851304786, 0.8008293739447887], [0.0, 0.0, 0.0, 1.0]]",,0.10575520833333334,0.073857421875,0.002687909254183237,0.2187424422961485,nan,2436.2894143417184,3,0.17360445454447543
000052:natural,000052,532,5,41,ok,local,1.0,0.17391667800256982,0.1053515625,0.55,0.565625,0.9994272118434967,0.007113378942977592,1.0416189752131986,0.01738528088367841,0.765688520904281,0.017312810346342147,"[[0.8563556148090301, 0.49846410736009045, 0.1348650980007652, 0.030801324173808098], [0.3080240001483728, -0.28346677556592514, -0.908167276707795, 0.0166931115090847], [-0.4144590164511359, 0.8192558335611444, -0.3962872731471343, 0.8190901279449463], [0.0, 0.0, 0.0, 1.0]]","[[0.8579037723017904, 0.49619792763207915, 0.13337552350030837, 0.03243606343592678], [0.3005039584558083, -0.2739943979778625, -0.9135781892708337, 0.017869686749251792], [-0.4167702072886427, 0.8238421742350424, -0.38417056580698467, 0.80189487568342], [0.0, 0.0, 0.0, 1.0]]",,0.1053515625,0.073837890625,0.00811208191021657,0.4202332042042512,nan,2607.719737867517,3,0.1713432706661186
000052:natural,000052,537,5,42,ok,local,1.0,0.16914578699652338,0.104140625,0.5359375,0.56875,0.9990151311666219,0.015488260543382683,1.1759969585378869,0.02458616851443136,0.6104802579441863,0.024504669848976677,"[[0.8654192625439147, 0.4809484784242242, 0.1404922101732682, 0.024684226140379906], [0.3054251596797765, -0.28409415611737654, -0.9088487125449094, 0.017428124323487282], [-0.39719638952604924, 0.8294450383005367, -0.3927543209005999, 0.8333002328872681], [0.0, 0.0, 0.0, 1.0]]","[[0.8634470671225049, 0.4844578429529784, 0.14057199405369677, 0.02593208539491887], [0.3028936251657771, -0.2750847030035373, -0.9124602808591744, 0.018916560033597582], [-0.40337865881085794, 0.8304396429284202, -0.3842605402086588, 0.8088726613578451], [0.0, 0.0, 0.0, 1.0]]",,0.104140625,0.07264322916666667,0.009596205862193766,0.858400203777096,nan,2680.554830254358,3,0.16970998925886144
000052:natural,000052,539,5,43,ok,local,1.0,0.16305233900493477,0.10373697916666667,0.5296875,0.565625,0.999459556836606,0.004949188912781544,1.5874061838680873,0.023055508556988968,0.8735693493588467,0.02307861238480055,"[[0.8642685644801266, 0.4781272783302408, 0.15631428011534412, 0.019992120563983917], [0.3085988792862543, -0.2585631352769857, -0.9153752437000923, 0.01651492714881897], [-0.39724876356601757, 0.8393684594933575, -0.3710175320022202, 0.8345826864242554], [0.0, 0.0, 0.0, 1.0]]","[[0.8639730077357626, 0.48150612174260715, 0.1473184387013058, 0.023100467099498798], [0.3070750032066101, -0.27196254550077537, -0.9119989591424383, 0.017935963190537477], [-0.3990678245470589, 0.8331800473425872, -0.38282728112382525, 0.8117585503400317], [0.0, 0.0, 0.0, 1.0]]",,0.10373697916666667,0.07223958333333333,0.004160286956098524,0.41928125549800616,nan,2044.7505576804076,3,0.1724786060190611
000052:natural,000052,543,5,44,ok,local,1.0,0.1678237409942085,0.10087239583333334,0.5078125,0.5520833333333334,0.9991730221446292,0.011371161867444194,2.492821087800781,0.01834170614049669,1.477064173502244,0.018270611348212035,"[[0.8709620948843511, 0.471998940794271, 0.13653581641367574, 0.010606148280203342], [0.3044639154730402, -0.30033280573820476, -0.9039369059686867, 0.011742638424038887], [-0.3856510773347953, 0.8288650105333817, -0.40528513526159254, 0.838875949382782], [0.0, 0.0, 0.0, 1.0]]","[[0.8769339443397496, 0.45999199489159137, 0.13926526804915443, 0.012185826706149266], [0.2936311758613185, -0.28338102336452936, -0.9129496253041552, 0.013430401902909762], [-0.3804838847873731, 0.8414881377481929, -0.3835746933239473, 0.8207521719192562], [0.0, 0.0, 0.0, 1.0]]",,0.10087239583333334,0.07079427083333334,0.01484300126467011,1.5263651717583293,nan,2649.1373896821456,3,0.16532060149033956
000052:natural,000052,544,5,45,ok,local,1.0,0.18400426500011235,0.10004557291666667,0.50703125,0.5520833333333334,0.999308086166336,0.001256447173371303,0.46851802995498215,0.017609161374434287,1.1518034151441572,0.017575556448047293,"[[0.8719017049460759, 0.46990270067514595, 0.1377638153156663, 0.010011227801442146], [0.3016524715814382, -0.2937981145298059, -0.9070217496221027, 0.011674794368445873], [-0.3857372205283474, 0.8323906053031429, -0.3979103880299309, 0.8399805426597595], [0.0, 0.0, 0.0, 1.0]]","[[0.8781951092493148, 0.45825500836840705, 0.13702506994110591, 0.011588875603599794], [0.29069565913762313, -0.283864397387183, -0.9137383423261192, 0.013307165464212864], [-0.37982783882480364, 0.8422731736505968, -0.3825013652412342, 0.8225522158187645], [0.0, 0.0, 0.0, 1.0]]",,0.10004557291666667,0.07052083333333334,0.0019004462314979292,0.17342357441230402,nan,2577.2879345638034,3,0.16171147445451794
000052:natural,000052,550,5,46,ok,local,1.0,0.16981906499859178,0.09641276041666667,0.4953125,0.5739583333333333,0.9993852265203821,0.015381483164003595,0.8158516235174305,0.016084988207782484,1.5359881582855572,0.016042846937403116,"[[0.878384649146399, 0.4592459055286177, 0.13241452487985628, 0.0038160511758178473], [0.29132551108892585, -0.2948097054072453, -0.9100641099320811, 0.021427206695079803], [-0.3789061291833826, 0.8379620730396418, -0.3927463677927172, 0.8501343727111816], [0.0, 0.0, 0.0, 1.0]]","[[0.8869297716371891, 0.44303504955071454, 0.1306732401832801, 0.005702747332960268], [0.27634932022961933, -0.2822753581739705, -0.918668629948489, 0.021847416366183602], [-0.3701157658623953, 0.8509061547985285, -0.37279051025512566, 0.8342083958400481], [0.0, 0.0, 0.0, 1.0]]",,0.09641276041666667,0.06879231770833333,0.015602849873520099,1.1760096473887713,nan,2401.301471005147,3,0.1568280521151681
000052:natural,000052,556,5,47,ok,local,1.0,0.1704043330028071,0.094453125,0.49453125,0.5770833333333333,0.9993715252598502,0.016407881460220097,1.2225618800826519,0.022212655955431145,1.0386579321226983,0.022154403475831624,"[[0.8874670465053466, 0.44361861858447704, 0.12491902422079977, 0.003888198407366872], [0.27576560562400315, -0.29397063930176187, -0.915169161403147, 0.022150922566652298], [-0.369263553741638, 0.8466308430914341, -0.3832240120404554, 0.8665261268615723], [0.0, 0.0, 0.0, 1.0]]","[[0.8907513547405725, 0.4365209204081614, 0.12654061547378614, 0.005093536284960196], [0.2684809404328259, -0.28073535294686774, -0.9214702619995131, 0.023540235479908203], [-0.36671542311083805, 0.8547734077536802, -0.3672621491434572, 0.8444482065881443], [0.0, 0.0, 0.0, 1.0]]",,0.094453125,0.06729166666666667,0.01039665805966626,0.5746377300332883,nan,2728.9105101308332,3,0.15467954881223178
000052:natural,000052,561,5,48,ok,local,1.0,0.16503226500208257,0.09171549479166667,0.49140625,0.571875,0.9999505733491498,0.009648803385363546,0.8844218448931389,0.021208267168114043,0.9421974128252094,0.021126239077649673,"[[0.8940599444725126, 0.430168253942098, 0.12494834528801871, 0.0017002562526613474], [0.2719759986938921, -0.2996565240454229, -0.9144588693492313, 0.020384516566991806], [-0.3559295882955897, 0.8515639969476275, -0.3849063357211875, 0.8757560849189758], [0.0, 0.0, 0.0, 1.0]]","[[0.8965042926624477, 0.42632959588444536, 0.12051527702775854, 0.003557011886908218], [0.26131568216951256, -0.2891811380295447, -0.9209177631510784, 0.02178284808886885], [-0.3577625086369729, 0.8570986254307195, -0.3706583503565306, 0.854758106324939], [0.0, 0.0, 0.0, 1.0]]",,0.09171549479166667,0.06585611979166667,0.01057087272890707,0.7997199160753846,nan,2708.516514780256,3,0.1496927390967126
000052:natural,000052,567,5,49,ok,local,1.0,0.16725725099968258,0.09017578125,0.4921875,0.5739583333333333,0.9994979415603976,0.01153443901954264,0.9147261093470411,0.02385186444876396,0.3985504009678197,0.0238100481614535,"[[0.8991824426362947, 0.4203748645162661, 0.12147389899709893, 0.003505426226183772], [0.26140785963153684, -0.2934350538685607, -0.9195443437290085, 0.022948648780584335], [-0.35090862881594315, 0.8585923610445678, -0.37374094206873987, 0.8868560791015625], [0.0, 0.0, 0.0, 1.0]]","[[0.8992040200834351, 0.4204611037080947, 0.12101643553440672, 0.004172333453857294], [0.2585843745309189, -0.2875910743149252, -0.9221857858925586, 0.02320573082862815], [-0.3529389067580529, 0.8605256333152917, -0.36732789205288285, 0.8630567611066916], [0.0, 0.0, 0.0, 1.0]]",,0.09017578125,0.0648046875,0.008442208662936688,0.39803184300296435,nan,2801.0013330641955,3,0.1498280781330017
000052:natural,000052,574,5,50,ok,local,0.9999998807907104,0.19205548700119834,0.08943359375,0.50625,0.5822916666666667,0.9993380518356332,0.014491563706900914,0.6641060769442476,0.02895792234528014,0.6096250887941876,0.028880857236199573,"[[0.9035020902628971, 0.41234163954746356, 0.1168689230971371, 0.010606963187456131], [0.25255734307395533, -0.29193142517445797, -0.9224916430272051, 0.026047978550195694], [-0.3462640052763201, 0.8629892324304612, -0.36790056178141645, 0.8991022109985352], [0.0, 0.0, 0.0, 1.0]]","[[0.8996370555915687, 0.42044859690166486, 0.11779882918271789, 0.011454810878511175], [0.25434115374602906, -0.28531535830295374, -0.9240701022535066, 0.026633421138311072], [-0.3549139520146454, 0.8612889604158087, -0.3636176247142869, 0.8702397383746151], [0.0, 0.0, 0.0, 1.0]]",,0.08943359375,0.06388671875,0.01078789602893879,0.2960010402661168,nan,2799.2325543412658,3,0.1485537215589931
000052:natural,000052,575,5,51,ok,local,0.9999998807907104,0.17754676500044297,0.08943359375,0.5078125,0.5822916666666667,0.9996947496947497,0.0021164691638109337,0.24690982343553125,0.026486310604900153,0.5404750021986336,0.026417926390659017,"[[0.9018676362778019, 0.41600805171323607, 0.11649921692633845, 0.011553661897778511], [0.2541207369416681, -0.2927701226908778, -0.9217962390440697, 0.025535253807902336], [-0.3493671674483964, 0.8609430620948908, -0.3697561711990185, 0.8972800374031067], [0.0, 0.0, 0.0, 1.0]]","[[0.9004932103361144, 0.41894781272730414, 0.11659356017481093, 0.012434356961302438], [0.2521594822790489, -0.28459979799188434, -0.9248888170342752, 0.026392189370733798], [-0.35429657177281604, 0.862256470768618, -0.36192226966656177, 0.8708907048532198], [0.0, 0.0, 0.0, 1.0]]",,0.08943359375,0.06396484375,0.0012006084500232462,0.15063695169145377,nan,2953.8753847998087,3,0.14678648899907035
000052:natural,000052,582,5,52,ok,local,0.9999998807907104,0.181867211998906,0.0883203125,0.5171875,0.6,0.9994344763765359,0.012191363967953452,0.695441481813212,0.025248472065962486,0.8796229680490273,0.025232463000841573,"[[0.8998788581157623, 0.4206840482796009, 0.11507811364181843, 0.016772376373410225], [0.250743501564615, -0.2831297891158012, -0.9257241592063796, 0.034602146595716476], [-0.35685534483791725, 0.8618946884848109, -0.3602663026460884, 0.9035398960113525], [0.0, 0.0, 0.0, 1.0]]","[[0.9032037275662492, 0.41239811848052216, 0.11895414245483384, 0.01777187572091664], [0.2469510076747781, -0.2726344759349449, -0.9298854210718458, 0.03372072581927327], [-0.35105121883618107, 0.8692522717707266, -0.34808673853829186, 0.8783426483926536], [0.0, 0.0, 0.0, 1.0]]",,0.0883203125,0.06328125,0.011735757985818983,0.9063612055953976,nan,2918.078834217143,3,0.1484832357637041
000052:natural,000052,587,5,53,ok,local,1.0,0.1767510469944682,0.087177734375,0.52890625,0.584375,0.9992217898832685,0.013157549762899573,0.8610310682405798,0.029638132724892602,0.4648337938565235,0.029581297243208873,"[[0.9058949104902427, 0.4091899818755052, 0.10916945488824888, 0.02350883185863495], [0.2431558015037352, -0.2914908578699746, -0.9251531419031671, 0.025909971445798874], [-0.3467414993088512, 0.864636708977215, -0.3635570026090819, 0.9107639789581299], [0.0, 0.0, 0.0, 1.0]]","[[0.9027632553008207, 0.41576992613944586, 0.11024859627248099, 0.0235575568412904], [0.24523830809518274, -0.28693522388566395, -0.9260274515529041, 0.02763050177668766], [-0.3533787938802379, 0.8630207530061098, -0.3609971472101429, 0.8812327997089425], [0.0, 0.0, 0.0, 1.0]]",,0.087177734375,0.0626953125,0.008883575268245524,0.9216812085572418,nan,2616.2443163704975,3,0.14364430932927988
000052:natural,000052,589,5,54,ok,local,0.9999998807907104,0.17668550700182095,0.08754557291666666,0.53515625,0.5833333333333334,0.9985456056513609,0.00395632110321554,0.7148786322758577,0.02598806890934142,0.9082976198273239,0.025872739297421298,"[[0.9038164000015142, 0.4135217905425287, 0.11007108537125262, 0.026352383196353912], [0.2495175808886875, -0.300307064184879, -0.9206283962751295, 0.026184335350990295], [-0.34764477835250374, 0.8595437138081814, -0.374603406467531, 0.908026933670044], [0.0, 0.0, 0.0, 1.0]]","[[0.9016204277351313, 0.41821250420867057, 0.1103595131181279, 0.027170496973680684], [0.24621861391178315, -0.28648965791602726, -0.9259051736992147, 0.02725488810480279], [-0.3556081620324539, 0.861987402200481, -0.3612766949343326, 0.8821893013210654], [0.0, 0.0, 0.0, 1.0]]",,0.08754557291666666,0.062578125,0.003756237128395501,0.13998079818554218,nan,2873.854568247526,3,0.14436848336707023
000052:natural,000052,593,5,55,ok,local,1.0,0.18231876299978467,0.087177734375,0.53828125,0.590625,0.9995307856733225,0.004492642313791226,0.5472601599476542,0.027009689850745783,0.682892292638434,0.02691320668203737,"[[0.9053370163954431, 0.40965057613932726, 0.1120325497920756, 0.027285629883408546], [0.2468718892495722, -0.29297639853874097, -0.9236985981355691, 0.028588175773620605], [-0.3455707699481303, 0.8639162201093259, -0.36637359019103727, 0.9117058515548706], [0.0, 0.0, 0.0, 1.0]]","[[0.9032909262145532, 0.4150029118157116, 0.10880082509914876, 0.028789480739137684], [0.24254109301931662, -0.28477795126887245, -0.9274026399310213, 0.030277675768892946], [-0.3538899189914769, 0.8641034006802233, -0.35789301188945016, 0.884887859156487], [0.0, 0.0, 0.0, 1.0]]",,0.087177734375,0.062408854166666666,0.004363549940828491,0.29254528444906375,nan,2988.1660330331433,3,0.14274559000486445
000052:natural,000052,594,5,56,ok,local,0.9999998807907104,0.17414548699889565,0.08680989583333333,0.53359375,0.5916666666666667,0.9988499738630423,0.002968956391127285,0.272753210023691,0.025483807634644626,0.9108768057273137,0.02538408481163937,"[[0.9046409697521203, 0.4112245914243253, 0.11188856623372345, 0.024421636015176773], [0.2488615595932204, -0.29659770941869046, -0.9220074419029459, 0.029316194355487823], [-0.345966241131663, 0.8619304694553274, -0.37065243263972514, 0.9114190936088562], [0.0, 0.0, 0.0, 1.0]]","[[0.9052215166920575, 0.41099899629692926, 0.10794990450636657, 0.026171481550628258], [0.24001082978472224, -0.28487352238479496, -0.9280318218636461, 0.030757828782978208], [-0.3506675924521398, 0.865983683882484, -0.35651760744778965, 0.8861364613783301], [0.0, 0.0, 0.0, 1.0]]",,0.08680989583333333,0.062200520833333335,0.002939978601344348,0.26329833431592387,nan,2738.7777236162547,3,0.14295237484776616
000052:natural,000052,604,5,57,ok,local,0.9999998807907104,0.18249607900361298,0.08455078125,0.52109375,0.5854166666666667,0.998453910540065,0.012251857558182156,2.0806475512537603,0.02578527428340665,0.48778537854132564,0.02576479381237557,"[[0.916444927570713, 0.38753726175712433, 0.09971742816428826, 0.01831885799765587], [0.22240748891589673, -0.2861282265774881, -0.9320222888052337, 0.02921561524271965], [-0.33266139482067203, 0.8763250017575738, -0.3484119511304873, 0.9220423698425293], [0.0, 0.0, 0.0, 1.0]]","[[0.9143632449331407, 0.3934361168339078, 0.0956479627292417, 0.019528647627531995], [0.22232594697437036, -0.2904337535249344, -0.9307091498813915, 0.02881061077953974], [-0.3383941253984235, 0.8722716745020261, -0.35303317824784075, 0.8963091815318968], [0.0, 0.0, 0.0, 1.0]]",,0.08455078125,0.06096354166666667,0.012304598157011631,1.3400835479290656,nan,2710.623037495743,3,0.13557167135870057
000052:natural,000052,608,5,58,ok,local,1.0,0.1786942410035408,0.0805078125,0.5046875,0.621875,0.9995011639507815,0.02794607126458897,1.323307867136567,0.028016797562967533,0.37253090103082775,0.02796392318410315,"[[0.9242394307121575, 0.36832888561515076, 0.10057488124958729, 0.00866195373237133], [0.2132861868302861, -0.27957615930161644, -0.9361336302353174, 0.04280613735318184], [-0.31668671778946433, 0.8866628463918286, -0.3369547738259217, 0.9444705843925476], [0.0, 0.0, 0.0, 1.0]]","[[0.9229128916751311, 0.3722970136144548, 0.09811485300578462, 0.01078123968221409], [0.21105054982019708, -0.27607514744463285, -0.93767827299852, 0.044670979295147475], [-0.3220066816959901, 0.8861030213161748, -0.3333663344601072, 0.9166495133951775], [0.0, 0.0, 0.0, 1.0]]",,0.0805078125,0.058701171875,0.027235960337779294,1.6962311300512367,nan,3222.2884978583124,3,0.12976746084661125
000052:natural,000052,622,5,59,ok,local,1.0,0.1789902099990286,0.08015625,0.515625,0.6333333333333333,0.9984409799554566,0.010437455247424069,1.2539093403143484,0.021738901008540763,1.3882259055737751,0.02173740641289783,"[[0.920005985930838, 0.38182818493643605, 0.08829622324637723, 0.015875112265348434], [0.21075103587583272, -0.292073422707468, -0.9328864435852883, 0.04976281523704529], [-0.3304133573702658, 0.8768696328052931, -0.34917998272412176, 0.941552460193634], [0.0, 0.0, 0.0, 1.0]]","[[0.9267959789712116, 0.36498918904700156, 0.08850204647545265, 0.01681575604307203], [0.19997956494841437, -0.28013484636828656, -0.9389000888400314, 0.04917847405482601], [-0.31789543431858897, 0.8878674567943555, -0.33261831418779403, 0.9198432784442985], [0.0, 0.0, 0.0, 1.0]]",,0.08015625,0.05837239583333333,0.008181261021809421,0.7242348473135733,nan,3210.2935590405614,3,0.12457683575109105
000052:natural,000052,625,5,60,ok,local,1.0,0.17873622899787733,0.0798046875,0.521875,0.646875,0.9991091810032849,0.00661260512657766,0.9607868531595947,0.02198298438686828,1.1087069944094752,0.02188578589431938,"[[0.9263339009662912, 0.3668669778507645, 0.08552265479520306, 0.01974048838019371], [0.202111835735065, -0.29244004788573397, -0.9346815630194008, 0.05502192676067352], [-0.3178935510141324, 0.8831123591906276, -0.3450452887207546, 0.9426141381263733], [0.0, 0.0, 0.0, 1.0]]","[[0.9260975898782667, 0.3662968294722572, 0.09038771361302642, 0.02036165908859551], [0.20025911549428274, -0.27421016606333315, -0.9405878341599445, 0.05492728581431722], [-0.31974827632627084, 0.8891773649497215, -0.32729979207722276, 0.9207373738717061], [0.0, 0.0, 0.0, 1.0]]",,0.0798046875,0.05841471354166667,0.006813345117314126,0.34839796949602575,nan,3125.8676369166133,3,0.1252409004551481
000052:natural,000052,632,5,61,ok,local,1.0,0.1857411359960679,0.0808984375,0.53671875,0.6666666666666666,0.9992197514351,0.01083486221869249,1.0871809851413892,0.021425260322943635,1.0793448226769122,0.021409690712270765,"[[0.919260657185677, 0.3840170736322454, 0.08654901102545323, 0.02720542810857296], [0.20765890232462772, -0.28628194199746015, -0.9353718137572317, 0.06286853551864624], [-0.33442132772281147, 0.8778231808542588, -0.3429122901253642, 0.9422984719276428], [0.0, 0.0, 0.0, 1.0]]","[[0.9234052254731911, 0.37305481301071564, 0.09029117286253173, 0.028216392372343104], [0.20256308954038232, -0.2738362030362353, -0.9402038486864632, 0.06301292790209527], [-0.3260219615450417, 0.8864783736354326, -0.3284294094764601, 0.9209131508289996], [0.0, 0.0, 0.0, 1.0]]",,0.0808984375,0.058362630208333335,0.011274100428378996,0.41403463276906893,nan,3164.626721865021,3,0.12676862680951992
000052:natural,000052,638,5,62,ok,local,1.0,0.182094716001302,0.081640625,0.54375,0.7020833333333333,0.9993960689579444,0.014069653494094198,1.0848289995430815,0.027929269016844137,0.8754785345414033,0.027880499725396253,"[[0.924933058116196, 0.36987035046983857, 0.08771979165011823, 0.029268480837345123], [0.20025071893487595, -0.2779531580854792, -0.9394901231393409, 0.0766998901963234], [-0.3231075479927491, 0.886531424007986, -0.3311548681153366, 0.943845272064209], [0.0, 0.0, 0.0, 1.0]]","[[0.9265282930457136, 0.3651434421436918, 0.0906449982361779, 0.03224107759681404], [0.19675844186937158, -0.2649234736085213, -0.9439817091799757, 0.07721901694726196], [-0.32067375232820466, 0.8924612801785864, -0.317304345478664, 0.9161285543498064], [0.0, 0.0, 0.0, 1.0]]",,0.081640625,0.05925455729166667,0.015521063771017354,0.7953868122010546,nan,2981.0795866757394,3,0.12407078927057805
000052:natural,000052,643,5,63,ok,local,1.0,0.18153380900184857,0.08235677083333333,0.5234375,0.6895833333333333,0.9992433250459409,0.015770386505076863,1.9546583521005567,0.027095259722947497,1.1416995851272773,0.026955649729170663,"[[0.9362701509297965, 0.3404668690710189, 0.08648997365517781, 0.017101991921663284], [0.1932858981644415, -0.29371570770652444, -0.9361472344760844, 0.07036229968070984], [-0.29332365408991623, 0.8932040047555951, -0.3408046945684669, 0.9360660314559937], [0.0, 0.0, 0.0, 1.0]]","[[0.9344813000858664, 0.34528800082058714, 0.08672722792276331, 0.02092750297638381], [0.18936660724956203, -0.2758001831973932, -0.9423773987437838, 0.07163402651032211], [-0.30147111884985944, 0.8970569714499235, -0.32311649078240173, 0.9094135413591417], [0.0, 0.0, 0.0, 1.0]]",,0.08235677083333333,0.060182291666666665,0.014292672540065754,1.3245342124328028,nan,3019.043045452666,3,0.12098378923350402
000052:natural,000052,650,5,64,ok,local,1.0,0.1824319139996078,0.08307291666666666,0.4859375,0.6854166666666667,0.9996812579685508,0.023235783535089035,0.7723941597712486,0.022368800636462606,1.1797078366166989,0.022324121518277,"[[0.9403916264017185, 0.3306552030810845, 0.07956585743228674, -0.002110107336193323], [0.18504649638889506, -0.3011811100256459, -0.9354398607809661, 0.06939193606376648], [-0.2853443238750739, 0.894403195230834, -0.3444147807414054, 0.9230331778526306], [0.0, 0.0, 0.0, 1.0]]","[[0.9428785666050461, 0.32218681572264196, 0.08471087693099298, -3.898421921988304e-05], [0.1817711160573493, -0.2844644856614608, -0.9412971046682247, 0.06926497225910111], [-0.27917596588186505, 0.9029269374025112, -0.32677993897513935, 0.9008057009200267], [0.0, 0.0, 0.0, 1.0]]",,0.08307291666666666,0.06125651041666667,0.022788175012359052,1.451098544657223,nan,3015.527609160787,3,0.11202837794259916
000052:natural,000052,653,5,65,ok,local,1.0,0.1988154749997193,0.08455078125,0.48046875,0.6854166666666667,0.9993249558624987,0.011823661004202136,1.2505376455472281,0.02246066570825167,1.924682293027932,0.022309252496182447,"[[0.9428200323382945, 0.32524617000966644, 0.07283759685533275, -0.0042061577551066875], [0.18274516697760637, -0.3216838315817345, -0.9290445180104239, 0.06615031510591507], [-0.27873749401173764, 0.8892325013138785, -0.36272712614184066, 0.9118574261665344], [0.0, 0.0, 0.0, 1.0]]","[[0.9450643395233114, 0.31779282018101035, 0.07655604515659466, -0.002842335982096264], [0.1744739608452395, -0.2923512193635122, -0.9402607839024862, 0.06848172770971084], [-0.2764261019941928, 0.9019636599589863, -0.3317376734706078, 0.8897122855623127], [0.0, 0.0, 0.0, 1.0]]",,0.08455078125,0.062646484375,0.01146891962781737,0.6241287384284196,nan,3016.204543375593,3,0.11044880785413745
000052:natural,000052,656,5,66,ok,local,1.0,0.19043641500320518,0.0883203125,0.49375,0.6645833333333333,0.9988861887403807,0.017742798072792085,1.3642996945311376,0.020867057820949022,1.7093038332954047,0.020775959265403886,"[[0.9354650500432078, 0.34369598379073735, 0.08232989052448988, 0.003281976329162717], [0.20051485623798215, -0.32431103823265217, -0.9244545110000387, 0.058088287711143494], [-0.2910308103543654, 0.8813032515579275, -0.37229779238924476, 0.8979384303092957], [0.0, 0.0, 0.0, 1.0]]","[[0.9384618730124654, 0.33323729014525044, 0.09078838891375011, 0.004142409876691558], [0.19665086119094627, -0.2994483386872453, -0.9336276817938391, 0.05921935180613354], [-0.2839331215187187, 0.8940269991363728, -0.34655195920904974, 0.8772111335361746], [0.0, 0.0, 0.0, 1.0]]",,0.0883203125,0.06422526041666667,0.017054532654741376,1.519801565963583,nan,2341.313713579393,3,0.11715481171548117
000052:natural,000052,662,5,67,ok,local,1.0,0.18697317199985264,0.09257161458333334,0.5515625,0.6677083333333333,0.9994075536904468,0.03419044793868629,3.2444364820080143,0.01959547638737986,1.4004013901145802,0.019656066207203955,"[[0.9145465433962805, 0.3942327087685454, 0.09047204705836528, 0.03489062190055847], [0.22244542648746427, -0.30340275606427913, -0.9265337553739798, 0.058883216232061386], [-0.3378204437222915, 0.8674833364103398, -0.3651712048528191, 0.8849288821220398], [0.0, 0.0, 0.0, 1.0]]","[[0.9210926676805672, 0.37568905597195296, 0.10220427131716592, 0.035087360358734665], [0.22319482454292822, -0.29442193829756114, -0.9292471030853254, 0.058960899748137806], [-0.31901622666047313, 0.8787348668074365, -0.3550417321568838, 0.8652739540379081], [0.0, 0.0, 0.0, 1.0]]",,0.09257161458333334,0.06589518229166667,0.03316855456869077,2.7230270781403934,nan,2738.08321035148,3,0.1301698181380224
000052:natural,000052,666,5,68,ok,local,1.0,0.24086313199950382,0.09451822916666666,0.57890625,0.66875,0.9992762015055009,0.016865518044189377,1.7006789705387433,0.019837176359007613,1.8871261249079294,0.019711722855630574,"[[0.9093592931881761, 0.4049632667138413, 0.09523879726642548, 0.04838373884558678], [0.23967983010954275, -0.32288270636431865, -0.9155874272670597, 0.057664357125759125], [-0.3400283148959245, 0.8554247544602078, -0.39067791660872103, 0.8748841881752014], [0.0, 0.0, 0.0, 1.0]]","[[0.9131945009595795, 0.3947750358126641, 0.10113373992505528, 0.04869099114819814], [0.23061763015223738, -0.296005509452486, -0.926928477803751, 0.05873212216939045], [-0.3359919020764173, 0.8697892161270067, -0.3613529800635244, 0.855203804749787], [0.0, 0.0, 0.0, 1.0]]",,0.09451822916666666,0.067412109375,0.016926872614916856,1.2142775690325507,nan,2827.9594251039475,3,0.13324806972668277
000052:natural,000052,669,5,69,ok,local,1.0,0.2158243589947233,0.09849609375,0.61015625,0.6708333333333333,0.9996705882352941,0.01954901324266853,1.8894311232702623,0.020006268523763256,0.7598497761532722,0.02003893594159654,"[[0.8981287472166584, 0.42758029982639817, 0.1026637259376645, 0.06494737416505814], [0.24768982755840963, -0.2990035587994169, -0.9215457781083763, 0.05799887701869011], [-0.3633380006923606, 0.85309551576928, -0.37445098240921487, 0.8645064234733582], [0.0, 0.0, 0.0, 1.0]]","[[0.9015450364055314, 0.41835476839080266, 0.11043510797098331, 0.06445960313126681], [0.24935093384296583, -0.29375486272364665, -0.9227853553058578, 0.05857794714014688], [-0.35360991568135164, 0.859469684537745, -0.36915014105471294, 0.8444817958642254], [0.0, 0.0, 0.0, 1.0]]",,0.09849609375,0.069150390625,0.01906919946810246,1.6352024950109854,nan,2716.5140874542376,3,0.1413327753949158
000052:natural,000052,678,5,70,ok,local,1.0,0.16868991100636777,0.1025390625,0.64375,0.6708333333333333,0.9995889284735544,0.01793197344850882,1.6545526029875155,0.024280971514193325,0.6821665795043115,0.024356786475502188,"[[0.8853227624059922, 0.4507782635343243, 0.11402878360660908, 0.08102865517139435], [0.2654383377109432, -0.2886160338796761, -0.9199148188070548, 0.056533798575401306], [-0.3817670693486735, 0.8446891393362086, -0.37517217733779273, 0.8567088842391968], [0.0, 0.0, 0.0, 1.0]]","[[0.889918326658729, 0.44071341510352535, 0.1175470683352525, 0.08034858464314451], [0.26566314090703874, -0.2913321817829566, -0.9189935694043554, 0.057795925923167756], [-0.37076674359396106, 0.8490567321682483, -0.3763441692607205, 0.8323943292145242], [0.0, 0.0, 0.0, 1.0]]",,0.1025390625,0.071240234375,0.019979442952100485,1.5293611439217623,nan,3040.5223638735188,3,0.14892313278714567
000052:natural,000052,688,5,71,ok,local,1.0,0.16649009899992961,0.1025390625,0.578125,0.6854166666666667,0.9990810090520609,0.034907074062436864,2.2096346482698985,0.026153103313327233,0.40254411195160417,0.026175298267512265,"[[0.8949119287927138, 0.42424337084708225, 0.13838425487319517, 0.04668780043721199], [0.272822044841198, -0.2747521166498456, -0.92199750880634, 0.06240885332226753], [-0.35312996411119213, 0.8628608443362892, -0.36162189059581795, 0.8588752746582031], [0.0, 0.0, 0.0, 1.0]]","[[0.8974540846212878, 0.4204390212817481, 0.13344147501289266, 0.04803489627682686], [0.267912471621158, -0.2792149798977991, -0.9220967151154152, 0.06317008928291715], [-0.3504266588794911, 0.86329029453944, -0.3632242822554204, 0.8327457493658382], [0.0, 0.0, 0.0, 1.0]]",,0.1025390625,0.07077799479166667,0.032759419771655224,1.6550367740935346,nan,2558.0238676514596,3,0.15304272962073498
000052:natural,000052,742,5,72,ok,local,0.9999995231628418,0.16198385800089454,0.095693359375,0.44140625,0.534375,0.9994588212142084,0.09679571591649838,10.901649156043108,0.024544975948078588,3.4946309069617625,0.024235309988257667,"[[0.9537260352735706, 0.2674473620652011, 0.1373992655210377, -0.023639291524887085], [0.23478483105820538, -0.3769441555729489, -0.8959850370873204, 0.00833172257989645], [-0.18783698450072425, 0.8867835204286121, -0.4222940387335735, 0.8975944519042969], [0.0, 0.0, 0.0, 1.0]]","[[0.9533633624757941, 0.26061548376240384, 0.15224300586464462, -0.02135210621068787], [0.23432438724530819, -0.3211712065423911, -0.9175734739923673, 0.008058502965077902], [-0.19023699198660085, 0.9104554523197965, -0.36726213611683545, 0.8734688558576179], [0.0, 0.0, 0.0, 1.0]]",,0.095693359375,0.06612955729166667,0.09752032846033615,9.922409353985042,nan,3141.7307120232936,3,0.13274811895378
000052:natural,000052,820,5,73,ok,local,0.9999995231628418,0.15274018800118938,0.09791666666666667,0.525,0.5385416666666667,0.998218262806236,0.049623448488748535,8.707821914621665,0.02296088066338516,2.930495878244853,0.022827498839727164,"[[0.9729669866607634, 0.15547982438479155, 0.1707667036560408, 0.023613831028342247], [0.21042059125506907, -0.29209384822904577, -0.9329546390916418, 0.009982381016016006], [-0.09517571982466318, 0.9436668946381568, -0.31691382790884276, 0.9126577973365784], [0.0, 0.0, 0.0, 1.0]]","[[0.9654253443338343, 0.20172716897086312, 0.16510708295841006, 0.023974135539877976], [0.2226552547233752, -0.3087291311403784, -0.9247224905316642, 0.01011560517102878], [-0.1355672989732959, 0.9295125623684033, -0.34297043498975555, 0.8898335309680566], [0.0, 0.0, 0.0, 1.0]]",,0.09791666666666667,0.065654296875,0.0482338309922266,3.637960538575913,nan,3170.8924887638263,3,0.13137866500311915
000052:natural,000052,886,5,74,ok,local,0.9999988079071045,0.1533671380020678,0.11140625,0.5875,0.5770833333333333,0.9991302457055882,0.05549911953373359,3.742605976896152,0.023214338795369993,2.7531100530104524,0.023545740749052663,"[[0.9746094485944932, 0.16397995472312438, 0.1524696597993839, 0.05449588969349861], [0.1887666774606447, -0.23547708573870857, -0.9533717446895913, 0.022222595289349556], [-0.1204307443753739, 0.9579463014913767, -0.2604521439116718, 0.8681985139846802], [0.0, 0.0, 0.0, 1.0]]","[[0.9783149304877078, 0.13213571758984877, 0.15949632835160296, 0.05461971085083632], [0.1902893632875804, -0.26933626866528726, -0.944059510217399, 0.024270235991784104], [-0.08178531277689188, 0.9539382878337114, -0.2886404843730277, 0.844742304928306], [0.0, 0.0, 0.0, 1.0]]",,0.11140625,0.07478841145833333,0.05632693428173929,4.872116088263886,nan,3277.8500713786466,3,0.11511442437131642
